2019-10-26;12;Aveyron;6.75;20.1;13.42
2019-01-09;2A;Corse-du-Sud;4.04;13.58;8.81
2019-08-13;32;Gers;12.7;23.4;18.05
2019-01-09;39;Jura;0.6;5.4;3.0
2019-08-13;73;Savoie;12.5;23.5;18.0
2019-01-09;24;Dordogne;-0.6;6.8;3.1
2019-08-13;48;Lozère;8.3;21.5;14.9
2019-01-09;52;Haute-Marne;0.85;3.55;2.2
2019-08-13;23;Creuse;7.0;22.1;14.55
2019-01-09;26;Drôme;3.4;8.2;5.8
2019-08-13;41;Loir-et-Cher;7.1;23.25;15.18
2019-01-09;75;Paris;4.0;6.3;5.15
2019-08-13;66;Pyrénées-Orientales;18.35;26.0;22.18
2019-01-09;02;Aisne;3.1;5.9;4.5
2019-08-13;06;Alpes-Maritimes;20.3;28.11;24.21
2019-01-09;90;TerritoiredeBelfort;-0.1;3.6;1.75
2019-08-13;01;Ain;10.9;21.6;16.25
2019-01-09;83;Var;6.32;11.72;9.02
2019-08-13;22;Côtes-d'Armor;12.1;19.27;15.68
2019-01-09;56;Morbihan;5.47;9.77;7.62
2019-08-13;80;Somme;9.85;18.45;14.15
2019-01-10;78;Yvelines;-0.27;4.37;2.05
2019-08-13;81;Tarn;12.8;24.0;18.4
2019-01-10;83;Var;2.76;12.2;7.48
2019-08-14;44;Loire-Atlantique;14.05;19.87;16.96
2019-01-10;50;Manche;5.4;8.09;6.74
2019-08-14;80;Somme;10.25;21.05;15.65
2019-01-10;23;Creuse;-0.6;1.5;0.45
2019-08-14;26;Drôme;16.2;27.4;21.8
2019-01-10;18;Cher;-1.0;3.05;1.02
2019-08-14;66;Pyrénées-Orientales;17.3;30.0;23.65
2019-01-10;72;Sarthe;-0.1;6.4;3.15
2019-08-14;38;Isère;10.55;25.25;17.9
2019-01-10;61;Orne;1.0;5.6;3.3
2019-08-14;06;Alpes-Maritimes;20.71;28.16;24.44
2019-01-10;70;Haute-Saône;-3.8;2.4;-0.7
2019-08-14;46;Lot;8.9;25.9;17.4
2019-01-10;10;Aube;-3.0;2.4;-0.3
2019-08-14;51;Marne;12.4;24.9;18.65
2019-01-10;07;Ardèche;1.2;5.6;3.4
2019-08-14;03;Allier;8.3;26.5;17.4
2019-01-10;57;Moselle;-1.0;1.6;0.3
2019-08-14;25;Doubs;9.0;24.3;16.65
2019-01-10;25;Doubs;-0.2;1.7;0.75
2019-08-14;87;Haute-Vienne;10.2;23.4;16.8
2019-01-10;46;Lot;-2.0;3.8;0.9
2019-08-14;28;Eure-et-Loir;9.65;25.8;17.73
2019-01-10;52;Haute-Marne;-1.45;1.35;-0.05
2019-08-14;55;Meuse;10.77;23.93;17.35
2019-01-10;86;Vienne;-1.4;4.9;1.75
2019-08-14;33;Gironde;12.4;25.67;19.03
2019-01-10;01;Ain;-0.2;4.4;2.1
2019-08-14;75;Paris;14.1;25.2;19.65
2019-01-10;81;Tarn;-2.4;4.6;1.1
2019-08-14;13;Bouches-du-Rhône;18.69;28.77;23.73
2019-01-10;26;Drôme;3.3;5.7;4.5
2019-08-14;19;Corrèze;9.3;27.3;18.3
2019-01-10;67;Bas-Rhin;0.8;2.3;1.55
2019-08-14;17;Charente-Maritime;15.37;21.42;18.4
2019-01-10;13;Bouches-du-Rhône;3.28;7.52;5.4
2019-08-14;64;Pyrénées-Atlantiques;12.53;25.53;19.03
2019-01-10;73;Savoie;-2.2;3.45;0.62
2019-08-14;41;Loir-et-Cher;9.05;26.2;17.62
2019-01-10;58;Nièvre;-0.6;3.0;1.2
2019-08-14;61;Orne;11.6;22.0;16.8
2019-01-10;40;Landes;-1.43;6.13;2.35
2019-08-15;22;Côtes-d'Armor;15.1;20.5;17.8
2019-01-10;2B;Haute-Corse;5.27;11.92;8.59
2019-08-15;66;Pyrénées-Orientales;22.25;27.35;24.8
2019-01-11;62;Pas-de-Calais;4.5;8.55;6.52
2019-08-15;16;Charente;17.2;23.3;20.25
2019-01-11;2A;Corse-du-Sud;1.2;11.43;6.32
2019-08-15;2A;Corse-du-Sud;18.55;28.03;23.29
2019-01-11;15;Cantal;-4.6;2.1;-1.25
2019-08-15;67;Bas-Rhin;12.8;24.0;18.4
2019-01-11;47;Lot-et-Garonne;-4.0;5.9;0.95
2019-08-15;75;Paris;17.0;23.9;20.45
2019-01-11;19;Corrèze;-3.9;6.1;1.1
2019-08-15;40;Landes;18.63;24.03;21.33
2019-01-11;65;Hautes-Pyrénées;-5.2;6.1;0.45
2019-08-15;47;Lot-et-Garonne;18.4;25.0;21.7
2019-01-11;30;Gard;-3.23;3.3;0.03
2019-08-15;03;Allier;16.9;24.0;20.45
2019-01-11;68;Haut-Rhin;-2.7;1.1;-0.8
2019-08-15;07;Ardèche;16.6;29.5;23.05
2019-01-11;76;Seine-Maritime;5.0;8.52;6.76
2019-08-15;44;Loire-Atlantique;15.89;20.91;18.4
2019-01-11;22;Côtes-d'Armor;3.67;9.97;6.82
2019-08-15;02;Aisne;15.8;21.5;18.65
2019-01-11;69;Rhône;-0.45;3.65;1.6
2019-08-15;56;Morbihan;15.83;20.3;18.07
2019-01-11;36;Indre;-2.0;5.2;1.6
2019-08-16;33;Gironde;12.03;26.8;19.42
2019-01-11;42;Loire;-2.9;1.0;-0.95
2019-08-16;83;Var;19.48;28.8;24.14
2019-01-11;86;Vienne;-0.1;5.4;2.65
2019-08-16;82;Tarn-et-Garonne;12.7;30.0;21.35
2019-01-11;10;Aube;-3.4;5.2;0.9
2019-08-16;91;Essonne;12.6;25.5;19.05
2019-01-11;46;Lot;-5.2;5.1;-0.05
2019-08-16;86;Vienne;10.4;25.5;17.95
2019-01-12;95;Val-d'Oise;5.47;9.63;7.55
2019-08-16;67;Bas-Rhin;12.2;25.9;19.05
2019-01-12;34;Hérault;2.17;12.67;7.42
2019-08-16;15;Cantal;7.3;26.0;16.65
2019-01-12;81;Tarn;2.1;6.2;4.15
2019-08-16;14;Calvados;12.85;21.62;17.24
2019-01-12;29;Finistère;8.1;10.85;9.48
2019-08-16;25;Doubs;12.5;24.9;18.7
2019-01-12;39;Jura;0.2;5.1;2.65
2019-08-16;95;Val-d'Oise;12.07;25.13;18.6
2019-01-12;17;Charente-Maritime;4.94;10.11;7.53
2019-08-16;85;Vendée;11.85;23.3;17.58
2019-01-12;64;Pyrénées-Atlantiques;1.07;9.77;5.42
2019-08-16;62;Pas-de-Calais;15.5;20.9;18.2
2019-01-12;92;Hauts-de-Seine;5.0;9.0;7.0
2019-08-16;71;Saône-et-Loire;11.2;26.1;18.65
2019-01-12;86;Vienne;4.4;8.5;6.45
2019-08-16;24;Dordogne;9.4;27.45;18.42
2019-01-12;54;Meurthe-et-Moselle;0.7;6.45;3.58
2019-08-16;76;Seine-Maritime;14.02;22.0;18.01
2019-01-12;06;Alpes-Maritimes;2.36;12.47;7.42
2019-08-16;87;Haute-Vienne;11.1;24.4;17.75
2019-01-12;42;Loire;-1.1;5.8;2.35
2019-08-16;81;Tarn;11.7;30.6;21.15
2019-01-12;40;Landes;2.7;9.53;6.12
2019-08-16;21;Côte-d'Or;10.7;25.8;18.25
2019-01-12;2A;Corse-du-Sud;0.32;12.02;6.17
2019-08-17;69;Rhône;15.25;33.1;24.18
2019-01-12;76;Seine-Maritime;6.4;9.55;7.98
2019-08-17;12;Aveyron;13.4;31.15;22.28
2019-01-12;62;Pas-de-Calais;6.3;9.45;7.88
2019-08-17;34;Hérault;16.63;26.77;21.7
2019-01-12;57;Moselle;0.8;6.7;3.75
2019-08-17;90;TerritoiredeBelfort;14.45;25.25;19.85
2019-01-12;71;Saône-et-Loire;0.2;6.65;3.42
2019-08-17;14;Calvados;16.51;19.53;18.02
2019-01-12;63;Puy-de-Dôme;0.1;8.0;4.05
2019-08-17;08;Ardennes;15.2;18.8;17.0
2019-01-13;19;Corrèze;5.0;9.5;7.25
2019-08-17;2A;Corse-du-Sud;19.66;27.54;23.6
2019-01-13;95;Val-d'Oise;8.07;11.53;9.8
2019-08-17;09;Ariège;12.3;29.3;20.8
2019-01-13;83;Var;6.43;14.24;10.33
2019-08-17;26;Drôme;13.1;33.7;23.4
2019-01-13;55;Meuse;5.73;9.6;7.67
2019-08-17;65;Hautes-Pyrénées;14.3;28.4;21.35
2019-01-13;39;Jura;4.3;8.8;6.55
2019-08-17;18;Cher;16.95;28.55;22.75
2019-01-13;45;Loiret;6.8;11.0;8.9
2019-08-17;48;Lozère;11.0;31.9;21.45
2019-01-13;89;Yonne;6.0;10.6;8.3
2019-08-17;72;Sarthe;17.7;21.5;19.6
2019-01-13;15;Cantal;1.8;5.9;3.85
2019-08-17;53;Mayenne;17.4;20.4;18.9
2019-01-13;14;Calvados;8.58;10.23;9.41
2019-08-17;91;Essonne;17.5;20.4;18.95
2019-01-13;56;Morbihan;9.37;11.3;10.33
2019-08-17;71;Saône-et-Loire;14.6;31.7;23.15
2019-01-13;31;Haute-Garonne;6.03;11.1;8.57
2019-08-17;68;Haut-Rhin;15.6;24.6;20.1
2019-01-13;93;Seine-Saint-Denis;8.3;11.9;10.1
2019-08-17;93;Seine-Saint-Denis;17.1;20.6;18.85
2019-01-13;71;Saône-et-Loire;4.5;9.8;7.15
2019-08-17;57;Moselle;16.2;20.1;18.15
2019-01-13;08;Ardennes;6.7;10.0;8.35
2019-08-18;77;Seine-et-Marne;18.6;21.8;20.2
2019-01-13;94;Val-de-Marne;7.9;11.5;9.7
2019-08-18;81;Tarn;20.9;32.9;26.9
2019-01-13;01;Ain;2.3;6.4;4.35
2019-08-18;67;Bas-Rhin;15.4;31.4;23.4
2019-01-13;53;Mayenne;8.5;10.5;9.5
2019-08-18;51;Marne;17.85;23.1;20.48
2019-01-13;12;Aveyron;2.15;7.0;4.58
2019-08-18;14;Calvados;13.48;20.39;16.93
2019-01-13;22;Côtes-d'Armor;8.9;10.47;9.68
2019-08-18;54;Meurthe-et-Moselle;17.1;28.1;22.6
2019-01-13;69;Rhône;3.75;8.45;6.1
2019-08-18;87;Haute-Vienne;17.2;24.0;20.6
2019-01-13;38;Isère;1.84;8.0;4.92
2019-08-18;37;Indre-et-Loire;19.0;22.8;20.9
2019-01-14;82;Tarn-et-Garonne;8.7;12.1;10.4
2019-08-18;33;Gironde;16.8;25.73;21.27
2019-01-14;04;Alpes-de-Haute-Provence;8.5;13.0;10.75
2019-08-18;12;Aveyron;18.0;28.15;23.08
2019-01-14;02;Aisne;4.5;8.6;6.55
2019-08-18;79;Deux-Sèvres;17.2;21.8;19.5
2019-01-14;63;Puy-de-Dôme;7.1;9.7;8.4
2019-08-18;48;Lozère;16.3;26.3;21.3
2019-01-14;62;Pas-de-Calais;7.1;8.7;7.9
2019-08-18;23;Creuse;14.1;27.4;20.75
2019-01-14;94;Val-de-Marne;8.0;9.2;8.6
2019-08-18;57;Moselle;17.0;27.6;22.3
2019-01-14;56;Morbihan;9.13;10.5;9.82
2019-08-18;19;Corrèze;15.3;28.8;22.05
2019-01-14;06;Alpes-Maritimes;5.65;15.39;10.52
2019-08-18;66;Pyrénées-Orientales;21.2;30.6;25.9
2019-01-14;11;Aude;9.6;12.05;10.82
2019-08-18;83;Var;19.8;27.64;23.72
2019-01-14;05;Hautes-Alpes;1.0;11.1;6.05
2019-08-19;41;Loir-et-Cher;9.4;23.35;16.38
2019-01-14;67;Bas-Rhin;3.8;8.4;6.1
2019-08-19;63;Puy-de-Dôme;15.0;22.4;18.7
2019-01-14;87;Haute-Vienne;5.6;8.6;7.1
2019-08-19;71;Saône-et-Loire;15.95;21.05;18.5
2019-01-14;49;Maine-et-Loire;8.1;11.3;9.7
2019-08-19;17;Charente-Maritime;16.29;20.84;18.57
2019-01-14;92;Hauts-de-Seine;7.0;8.5;7.75
2019-08-19;58;Nièvre;12.1;23.8;17.95
2019-01-14;30;Gard;4.8;10.27;7.53
2019-08-19;93;Seine-Saint-Denis;13.4;23.0;18.2
2019-01-14;13;Bouches-du-Rhône;8.32;13.18;10.75
2019-08-19;59;Nord;12.9;21.4;17.15
2019-01-14;78;Yvelines;6.93;8.47;7.7
2019-08-19;77;Seine-et-Marne;12.3;23.4;17.85
2019-01-14;39;Jura;4.5;8.5;6.5
2019-08-19;46;Lot;15.1;21.7;18.4
2019-01-14;69;Rhône;5.75;8.25;7.0
2019-08-19;52;Haute-Marne;14.35;23.2;18.77
2019-01-14;09;Ariège;7.5;12.4;9.95
2019-08-19;75;Paris;14.7;23.0;18.85
2019-01-14;34;Hérault;10.1;15.03;12.57
2019-08-19;86;Vienne;9.7;22.3;16.0
2019-01-15;35;Ille-et-Vilaine;6.4;8.65;7.52
2019-08-19;50;Manche;15.14;18.18;16.66
2019-01-15;61;Orne;5.4;7.7;6.55
2019-08-19;09;Ariège;14.1;20.0;17.05
2019-01-15;67;Bas-Rhin;0.9;7.5;4.2
2019-08-19;95;Val-d'Oise;12.9;23.07;17.98
2019-01-15;75;Paris;6.9;8.6;7.75
2019-08-19;13;Bouches-du-Rhône;20.02;27.44;23.73
2019-01-15;55;Meuse;1.8;6.0;3.9
2019-08-19;22;Côtes-d'Armor;12.83;20.13;16.48
2019-01-15;23;Creuse;1.1;8.2;4.65
2019-08-19;31;Haute-Garonne;15.8;23.8;19.8
2019-01-15;72;Sarthe;5.6;9.0;7.3
2019-08-19;34;Hérault;19.77;27.0;23.38
2019-01-15;76;Seine-Maritime;6.48;8.2;7.34
2019-08-19;15;Cantal;13.2;19.9;16.55
2019-01-15;95;Val-d'Oise;4.3;8.23;6.27
2019-08-19;40;Landes;16.47;22.67;19.57
2019-01-15;03;Allier;0.3;8.1;4.2
2019-08-19;68;Haut-Rhin;17.4;21.7;19.55
2019-01-15;94;Val-de-Marne;5.2;8.4;6.8
2019-08-19;74;Haute-Savoie;16.95;21.28;19.12
2019-01-15;92;Hauts-de-Seine;4.4;7.3;5.85
2019-08-19;76;Seine-Maritime;13.25;20.22;16.74
2019-01-15;05;Hautes-Alpes;-4.7;8.3;1.8
2019-08-20;86;Vienne;11.7;25.3;18.5
2019-01-15;79;Deux-Sèvres;3.8;11.2;7.5
2019-08-20;22;Côtes-d'Armor;11.1;19.43;15.27
2019-01-15;89;Yonne;4.2;8.0;6.1
2019-08-20;94;Val-de-Marne;13.7;23.5;18.6
2019-01-15;81;Tarn;-0.5;9.8;4.65
2019-08-20;89;Yonne;9.9;23.9;16.9
2019-01-16;33;Gironde;-1.33;11.4;5.03
2019-08-20;91;Essonne;13.7;23.5;18.6
2019-01-16;94;Val-de-Marne;0.2;7.5;3.85
2019-08-20;2B;Haute-Corse;21.23;29.34;25.29
2019-01-16;73;Savoie;-5.35;8.1;1.38
2019-08-20;80;Somme;10.15;20.45;15.3
2019-01-16;07;Ardèche;-3.7;10.3;3.3
2019-08-20;42;Loire;13.95;18.25;16.1
2019-01-16;36;Indre;-3.1;8.7;2.8
2019-08-20;52;Haute-Marne;11.8;21.1;16.45
2019-01-16;41;Loir-et-Cher;-4.05;7.8;1.88
2019-08-20;56;Morbihan;11.67;20.0;15.83
2019-01-16;79;Deux-Sèvres;-2.2;8.9;3.35
2019-08-20;04;Alpes-de-Haute-Provence;20.3;29.1;24.7
2019-01-16;53;Mayenne;-0.4;7.6;3.6
2019-08-20;07;Ardèche;15.5;20.4;17.95
2019-01-16;09;Ariège;-3.8;15.3;5.75
2019-08-20;41;Loir-et-Cher;8.95;25.35;17.15
2019-01-16;15;Cantal;-2.6;10.1;3.75
2019-08-20;34;Hérault;19.03;24.73;21.88
2019-01-16;49;Maine-et-Loire;-1.9;8.4;3.25
2019-08-20;08;Ardennes;6.9;22.2;14.55
2019-01-16;10;Aube;-1.4;8.2;3.4
2019-08-20;15;Cantal;12.3;19.9;16.1
2019-01-16;78;Yvelines;0.0;7.1;3.55
2019-08-20;48;Lozère;12.0;16.0;14.0
2019-01-16;19;Corrèze;-4.1;12.4;4.15
2019-08-20;39;Jura;14.6;18.3;16.45
2019-01-16;38;Isère;-4.6;10.55;2.98
2019-08-20;38;Isère;15.05;16.5;15.78
2019-01-16;71;Saône-et-Loire;-3.2;8.75;2.78
2019-08-21;09;Ariège;11.3;24.3;17.8
2019-01-16;40;Landes;-0.83;13.27;6.22
2019-08-21;88;Vosges;8.43;24.2;16.32
2019-01-16;13;Bouches-du-Rhône;2.52;13.25;7.88
2019-08-21;06;Alpes-Maritimes;22.22;27.94;25.08
2019-01-16;63;Puy-de-Dôme;-1.8;15.0;6.6
2019-08-21;28;Eure-et-Loir;9.65;24.8;17.23
2019-01-16;32;Gers;-4.3;13.2;4.45
2019-08-21;21;Côte-d'Or;9.4;24.5;16.95
2019-01-17;37;Indre-et-Loire;3.8;9.4;6.6
2019-08-21;23;Creuse;4.8;26.4;15.6
2019-01-17;19;Corrèze;4.5;10.3;7.4
2019-08-21;29;Finistère;11.4;20.3;15.85
2019-01-17;42;Loire;2.5;9.35;5.92
2019-08-21;87;Haute-Vienne;11.7;24.7;18.2
2019-01-17;34;Hérault;4.8;13.67;9.23
2019-08-21;18;Cher;10.65;26.1;18.38
2019-01-17;15;Cantal;1.2;7.2;4.2
2019-08-21;74;Haute-Savoie;10.76;19.97;15.37
2019-01-17;08;Ardennes;1.3;5.5;3.4
2019-08-21;62;Pas-de-Calais;11.4;19.85;15.62
2019-01-17;18;Cher;3.55;9.05;6.3
2019-08-21;85;Vendée;12.7;26.1;19.4
2019-01-17;72;Sarthe;3.7;9.6;6.65
2019-08-21;15;Cantal;4.3;24.3;14.3
2019-01-17;60;Oise;0.8;7.05;3.92
2019-08-21;30;Gard;14.07;26.2;20.13
2019-01-17;29;Finistère;5.25;9.47;7.36
2019-08-21;81;Tarn;11.1;27.4;19.25
2019-01-17;21;Côte-d'Or;2.2;8.9;5.55
2019-08-21;94;Val-de-Marne;12.1;24.4;18.25
2019-01-17;07;Ardèche;5.3;10.1;7.7
2019-08-21;77;Seine-et-Marne;9.3;24.1;16.7
2019-01-17;94;Val-de-Marne;3.3;8.0;5.65
2019-08-21;16;Charente;12.9;27.9;20.4
2019-01-17;2B;Haute-Corse;7.57;14.92;11.24
2019-08-21;39;Jura;9.7;23.4;16.55
2019-01-17;71;Saône-et-Loire;1.9;9.75;5.82
2019-08-21;45;Loiret;9.8;24.9;17.35
2019-01-17;93;Seine-Saint-Denis;2.8;7.8;5.3
2019-08-21;22;Côtes-d'Armor;10.53;21.0;15.77
2019-01-17;36;Indre;4.4;8.8;6.6
2019-08-21;89;Yonne;7.6;25.3;16.45
2019-01-17;57;Moselle;1.1;6.4;3.75
2019-08-21;2B;Haute-Corse;21.63;28.91;25.27
2019-01-17;39;Jura;2.3;8.7;5.5
2019-08-21;11;Aude;16.05;28.15;22.1
2019-01-18;16;Charente;-1.6;7.7;3.05
2019-08-21;37;Indre-et-Loire;13.0;26.3;19.65
2019-01-18;52;Haute-Marne;-2.4;1.45;-0.48
2019-08-22;53;Mayenne;11.1;26.9;19.0
2019-01-18;32;Gers;-0.4;8.6;4.1
2019-08-22;13;Bouches-du-Rhône;19.9;29.08;24.49
2019-01-18;43;Haute-Loire;-2.8;1.6;-0.6
2019-08-22;06;Alpes-Maritimes;22.72;29.14;25.93
2019-01-18;14;Calvados;-1.18;5.19;2.0
2019-08-22;18;Cher;11.65;29.3;20.48
2019-01-18;88;Vosges;-3.97;3.83;-0.07
2019-08-22;30;Gard;17.07;29.2;23.13
2019-01-18;87;Haute-Vienne;-0.2;3.4;1.6
2019-08-22;27;Eure;9.5;26.3;17.9
2019-01-18;37;Indre-et-Loire;-1.9;5.4;1.75
2019-08-22;32;Gers;11.1;28.0;19.55
2019-01-18;11;Aude;4.3;10.5;7.4
2019-08-22;65;Hautes-Pyrénées;11.6;25.6;18.6
2019-01-18;06;Alpes-Maritimes;4.85;13.45;9.15
2019-08-22;77;Seine-et-Marne;9.8;26.6;18.2
2019-01-18;24;Dordogne;-2.4;6.5;2.05
2019-08-22;04;Alpes-de-Haute-Provence;18.0;30.9;24.45
2019-01-18;30;Gard;-0.83;5.4;2.28
2019-08-22;31;Haute-Garonne;13.53;28.4;20.97
2019-01-18;79;Deux-Sèvres;-0.6;6.9;3.15
2019-08-22;91;Essonne;12.3;26.5;19.4
2019-01-18;66;Pyrénées-Orientales;5.8;12.0;8.9
2019-08-22;88;Vosges;9.07;26.6;17.83
2019-01-18;78;Yvelines;-3.07;4.8;0.87
2019-08-22;62;Pas-de-Calais;11.05;19.7;15.38
2019-01-18;41;Loir-et-Cher;-4.25;5.15;0.45
2019-08-22;25;Doubs;10.7;25.5;18.1
2019-01-18;04;Alpes-de-Haute-Provence;2.1;8.5;5.3
2019-08-22;57;Moselle;11.2;26.0;18.6
2019-01-19;65;Hautes-Pyrénées;-1.4;11.6;5.1
2019-08-23;45;Loiret;10.9;28.9;19.9
2019-01-19;43;Haute-Loire;-9.2;5.2;-2.0
2019-08-23;36;Indre;10.3;31.7;21.0
2019-01-19;57;Moselle;-4.7;2.0;-1.35
2019-08-23;22;Côtes-d'Armor;12.3;25.0;18.65
2019-01-19;84;Vaucluse;-4.17;11.17;3.5
2019-08-23;12;Aveyron;12.7;30.4;21.55
2019-01-19;36;Indre;-3.4;8.1;2.35
2019-08-23;19;Corrèze;11.4;34.7;23.05
2019-01-19;90;TerritoiredeBelfort;-5.65;2.6;-1.52
2019-08-23;31;Haute-Garonne;13.33;32.6;22.97
2019-01-19;11;Aude;1.7;11.7;6.7
2019-08-23;61;Orne;12.1;28.2;20.15
2019-01-19;88;Vosges;-7.5;2.83;-2.33
2019-08-23;57;Moselle;12.6;28.1;20.35
2019-01-19;58;Nièvre;-6.0;2.4;-1.8
2019-08-23;42;Loire;9.4;27.3;18.35
2019-01-19;46;Lot;3.1;6.1;4.6
2019-08-23;54;Meurthe-et-Moselle;10.5;28.0;19.25
2019-01-19;80;Somme;-2.15;3.2;0.52
2019-08-23;03;Allier;7.5;29.8;18.65
2019-01-19;49;Maine-et-Loire;2.7;10.9;6.8
2019-08-23;02;Aisne;9.7;27.7;18.7
2019-01-19;53;Mayenne;1.7;7.6;4.65
2019-08-23;53;Mayenne;12.0;28.4;20.2
2019-01-19;61;Orne;-0.1;3.9;1.9
2019-08-23;86;Vienne;11.5;32.0;21.75
2019-01-19;45;Loiret;-2.6;4.7;1.05
2019-08-23;60;Oise;8.5;27.6;18.05
2019-01-19;64;Pyrénées-Atlantiques;4.4;13.07;8.73
2019-08-23;30;Gard;17.1;30.2;23.65
2019-01-19;37;Indre-et-Loire;-1.1;7.8;3.35
2019-08-23;78;Yvelines;13.67;27.5;20.58
2019-01-19;15;Cantal;-3.3;3.3;0.0
2019-08-23;73;Savoie;14.8;27.1;20.95
2019-01-19;40;Landes;4.43;12.73;8.58
2019-08-23;91;Essonne;14.4;28.6;21.5
2019-01-19;18;Cher;-3.75;3.9;0.08
2019-08-23;33;Gironde;13.87;33.63;23.75
2019-01-19;87;Haute-Vienne;1.0;4.4;2.7
2019-08-23;49;Maine-et-Loire;11.7;30.9;21.3
2019-01-20;45;Loiret;2.8;4.4;3.6
2019-08-23;77;Seine-et-Marne;11.1;28.9;20.0
2019-01-20;70;Haute-Saône;-1.6;4.9;1.65
2019-08-23;44;Loire-Atlantique;14.92;29.43;22.18
2019-01-20;95;Val-d'Oise;1.27;2.57;1.92
2019-08-24;90;TerritoiredeBelfort;12.6;27.05;19.82
2019-01-20;94;Val-de-Marne;1.3;3.0;2.15
2019-08-24;10;Aube;10.6;31.6;21.1
2019-01-20;89;Yonne;1.9;4.4;3.15
2019-08-24;71;Saône-et-Loire;11.15;30.85;21.0
2019-01-20;65;Hautes-Pyrénées;3.0;8.6;5.8
2019-08-24;31;Haute-Garonne;17.2;34.37;25.78
2019-01-20;91;Essonne;1.3;3.0;2.15
2019-08-24;18;Cher;14.35;32.9;23.62
2019-01-20;23;Creuse;1.9;5.8;3.85
2019-08-24;30;Gard;16.37;28.87;22.62
2019-01-20;2B;Haute-Corse;5.45;12.26;8.86
2019-08-24;14;Calvados;12.63;29.36;21.0
2019-01-20;47;Lot-et-Garonne;2.4;8.9;5.65
2019-08-24;81;Tarn;16.4;34.3;25.35
2019-01-20;44;Loire-Atlantique;3.77;8.61;6.19
2019-08-24;15;Cantal;13.2;29.9;21.55
2019-01-20;51;Marne;0.05;2.2;1.12
2019-08-24;62;Pas-de-Calais;15.8;28.3;22.05
2019-01-20;84;Vaucluse;-0.97;9.6;4.32
2019-08-24;50;Manche;17.09;25.2;21.15
2019-01-20;77;Seine-et-Marne;0.8;2.8;1.8
2019-08-24;13;Bouches-du-Rhône;19.51;29.36;24.43
2019-01-20;52;Haute-Marne;-0.7;2.3;0.8
2019-08-24;57;Moselle;13.6;29.1;21.35
2019-01-20;35;Ille-et-Vilaine;3.3;7.6;5.45
2019-08-24;12;Aveyron;14.8;31.1;22.95
2019-01-20;28;Eure-et-Loir;2.05;3.5;2.78
2019-08-24;82;Tarn-et-Garonne;15.3;34.7;25.0
2019-01-20;07;Ardèche;0.7;10.3;5.5
2019-08-24;84;Vaucluse;15.5;34.23;24.87
2019-01-20;41;Loir-et-Cher;3.75;6.2;4.97
2019-08-24;2B;Haute-Corse;21.44;28.64;25.04
2019-01-20;14;Calvados;3.28;5.41;4.35
2019-08-24;80;Somme;13.05;29.3;21.18
2019-01-20;30;Gard;0.97;4.77;2.87
2019-08-24;32;Gers;13.5;34.6;24.05
2019-01-20;62;Pas-de-Calais;-1.15;4.05;1.45
2019-08-24;65;Hautes-Pyrénées;16.9;32.3;24.6
2019-01-20;37;Indre-et-Loire;4.6;6.5;5.55
2019-08-24;04;Alpes-de-Haute-Provence;17.0;31.7;24.35
2019-01-20;27;Eure;0.7;3.5;2.1
2019-08-24;22;Côtes-d'Armor;15.07;31.43;23.25
2019-01-20;75;Paris;1.9;3.1;2.5
2019-08-24;24;Dordogne;10.45;34.65;22.55
2019-01-20;61;Orne;3.6;4.4;4.0
2019-08-24;74;Haute-Savoie;13.74;25.82;19.78
2019-01-20;59;Nord;-2.35;3.15;0.4
2019-08-24;59;Nord;15.3;27.1;21.2
2019-01-20;38;Isère;-2.2;8.15;2.97
2019-08-24;39;Jura;11.6;29.2;20.4
2019-01-20;10;Aube;1.3;4.1;2.7
2019-08-24;76;Seine-Maritime;14.5;29.48;21.99
2019-01-20;31;Haute-Garonne;3.7;8.3;6.0
2019-08-25;34;Hérault;18.47;29.23;23.85
2019-01-20;83;Var;4.78;10.28;7.53
2019-08-25;70;Haute-Saône;12.6;30.0;21.3
2019-01-21;56;Morbihan;1.53;9.3;5.42
2019-08-25;80;Somme;15.45;31.45;23.45
2019-01-21;88;Vosges;-2.7;-0.23;-1.47
2019-08-25;65;Hautes-Pyrénées;18.0;28.7;23.35
2019-01-21;14;Calvados;-0.47;5.89;2.71
2019-08-25;75;Paris;18.3;32.8;25.55
2019-01-21;06;Alpes-Maritimes;3.79;11.93;7.86
2019-08-25;26;Drôme;16.2;34.6;25.4
2019-01-21;66;Pyrénées-Orientales;5.8;9.9;7.85
2019-08-25;19;Corrèze;13.8;34.1;23.95
2019-01-21;07;Ardèche;-0.2;8.7;4.25
2019-08-25;38;Isère;12.65;30.35;21.5
2019-01-21;92;Hauts-de-Seine;-3.9;3.6;-0.15
2019-08-25;14;Calvados;15.89;26.94;21.42
2019-01-21;19;Corrèze;2.7;7.8;5.25
2019-08-25;27;Eure;13.9;33.8;23.85
2019-01-21;76;Seine-Maritime;-3.2;5.12;0.96
2019-08-25;61;Orne;11.8;33.2;22.5
2019-01-21;48;Lozère;-2.7;0.7;-1.0
2019-08-25;50;Manche;17.14;19.81;18.48
2019-01-21;18;Cher;-1.4;0.6;-0.4
2019-08-25;78;Yvelines;15.1;32.0;23.55
2019-01-21;51;Marne;-7.0;0.8;-3.1
2019-08-25;18;Cher;14.8;34.9;24.85
2019-01-21;71;Saône-et-Loire;0.25;2.9;1.57
2019-08-25;57;Moselle;15.1;31.3;23.2
2019-01-21;25;Doubs;-0.5;1.3;0.4
2019-08-25;72;Sarthe;14.4;33.0;23.7
2019-01-21;75;Paris;-2.2;3.6;0.7
2019-08-25;84;Vaucluse;15.63;36.27;25.95
2019-01-21;24;Dordogne;2.65;7.65;5.15
2019-08-25;39;Jura;12.3;31.1;21.7
2019-01-21;78;Yvelines;-4.07;2.93;-0.57
2019-08-25;32;Gers;19.5;31.0;25.25
2019-01-21;30;Gard;-2.2;5.83;1.82
2019-08-25;54;Meurthe-et-Moselle;13.75;31.05;22.4
2019-01-21;81;Tarn;3.4;7.4;5.4
2019-08-25;43;Haute-Loire;10.4;28.3;19.35
2019-01-21;36;Indre;-2.7;3.2;0.25
2019-08-25;74;Haute-Savoie;12.75;26.73;19.74
2019-01-21;86;Vienne;0.2;3.9;2.05
2019-08-25;24;Dordogne;15.45;32.55;24.0
2019-01-21;16;Charente;3.8;6.0;4.9
2019-08-25;12;Aveyron;14.75;30.6;22.67
2019-01-21;40;Landes;4.23;7.2;5.72
2019-08-25;64;Pyrénées-Atlantiques;19.67;26.8;23.23
2019-01-21;49;Maine-et-Loire;-2.6;6.1;1.75
2019-08-25;58;Nièvre;9.6;33.9;21.75
2019-01-21;39;Jura;-0.6;1.1;0.25
2019-08-26;27;Eure;14.1;32.3;23.2
2019-01-21;45;Loiret;-2.4;0.5;-0.95
2019-08-26;09;Ariège;14.0;29.2;21.6
2019-01-21;22;Côtes-d'Armor;1.83;7.37;4.6
2019-08-26;62;Pas-de-Calais;16.45;28.6;22.52
2019-01-21;01;Ain;0.3;1.9;1.1
2019-08-26;53;Mayenne;15.7;33.8;24.75
2019-01-21;37;Indre-et-Loire;-1.0;3.9;1.45
2019-08-26;31;Haute-Garonne;17.7;33.47;25.58
2019-01-22;79;Deux-Sèvres;-2.6;8.6;3.0
2019-08-26;2A;Corse-du-Sud;20.95;30.29;25.62
2019-01-22;53;Mayenne;-0.7;8.0;3.65
2019-08-26;51;Marne;13.45;32.55;23.0
2019-01-22;18;Cher;-5.15;2.35;-1.4
2019-08-26;85;Vendée;16.75;31.45;24.1
2019-01-22;09;Ariège;-2.4;5.8;1.7
2019-08-26;66;Pyrénées-Orientales;18.0;28.05;23.02
2019-01-22;74;Haute-Savoie;-4.24;1.78;-1.23
2019-08-26;78;Yvelines;16.03;31.97;24.0
2019-01-22;04;Alpes-de-Haute-Provence;-1.7;7.6;2.95
2019-08-26;70;Haute-Saône;12.9;31.1;22.0
2019-01-22;33;Gironde;0.27;9.67;4.97
2019-08-26;59;Nord;17.1;29.25;23.18
2019-01-22;38;Isère;-1.05;4.75;1.85
2019-08-26;23;Creuse;12.6;35.0;23.8
2019-01-22;52;Haute-Marne;-5.3;0.1;-2.6
2019-08-26;93;Seine-Saint-Denis;15.7;32.7;24.2
2019-01-22;17;Charente-Maritime;2.75;9.39;6.07
2019-08-26;10;Aube;12.0;33.9;22.95
2019-01-22;71;Saône-et-Loire;-3.5;2.45;-0.52
2019-08-26;22;Côtes-d'Armor;14.53;20.97;17.75
2019-01-22;70;Haute-Saône;-3.0;-0.4;-1.7
2019-08-26;81;Tarn;16.5;33.7;25.1
2019-01-22;72;Sarthe;-3.0;7.2;2.1
2019-08-26;49;Maine-et-Loire;15.9;35.8;25.85
2019-01-23;51;Marne;-2.2;1.6;-0.3
2019-08-26;04;Alpes-de-Haute-Provence;15.3;33.1;24.2
2019-01-23;81;Tarn;1.9;7.2;4.55
2019-08-26;94;Val-de-Marne;16.4;33.0;24.7
2019-01-23;82;Tarn-et-Garonne;2.3;8.3;5.3
2019-08-27;38;Isère;15.9;27.95;21.92
2019-01-23;23;Creuse;-0.3;3.4;1.55
2019-08-27;33;Gironde;20.6;28.07;24.33
2019-01-23;31;Haute-Garonne;3.33;8.17;5.75
2019-08-27;84;Vaucluse;18.0;33.2;25.6
2019-01-23;87;Haute-Vienne;0.2;2.9;1.55
2019-08-27;47;Lot-et-Garonne;20.2;28.3;24.25
2019-01-23;61;Orne;0.5;4.3;2.4
2019-08-27;71;Saône-et-Loire;15.85;29.05;22.45
2019-01-23;41;Loir-et-Cher;0.7;5.2;2.95
2019-08-27;93;Seine-Saint-Denis;17.9;33.4;25.65
2019-01-23;28;Eure-et-Loir;0.55;3.8;2.17
2019-08-27;75;Paris;20.6;33.4;27.0
2019-01-23;66;Pyrénées-Orientales;4.2;8.6;6.4
2019-08-27;01;Ain;14.3;28.7;21.5
2019-01-23;42;Loire;-2.95;1.85;-0.55
2019-08-27;90;TerritoiredeBelfort;14.5;30.3;22.4
2019-01-23;54;Meurthe-et-Moselle;-2.15;0.55;-0.8
2019-08-27;16;Charente;19.1;30.0;24.55
2019-01-23;53;Mayenne;2.0;6.2;4.1
2019-08-27;52;Haute-Marne;16.1;33.0;24.55
2019-01-23;86;Vienne;2.3;5.8;4.05
2019-08-27;70;Haute-Saône;12.8;30.6;21.7
2019-01-23;13;Bouches-du-Rhône;-0.5;6.94;3.22
2019-08-27;88;Vosges;13.9;31.87;22.88
2019-01-23;58;Nièvre;0.2;2.4;1.3
2019-08-27;60;Oise;13.7;32.5;23.1
2019-01-23;85;Vendée;5.0;8.05;6.52
2019-08-27;67;Bas-Rhin;15.8;32.0;23.9
2019-01-23;30;Gard;-3.13;3.87;0.37
2019-08-28;07;Ardèche;17.6;31.8;24.7
2019-01-23;78;Yvelines;-0.43;0.63;0.1
2019-08-28;13;Bouches-du-Rhône;21.62;29.01;25.31
2019-01-23;09;Ariège;0.7;5.4;3.05
2019-08-28;17;Charente-Maritime;19.57;22.25;20.91
2019-01-23;47;Lot-et-Garonne;4.2;8.5;6.35
2019-08-28;82;Tarn-et-Garonne;19.2;29.4;24.3
2019-01-23;56;Morbihan;5.57;8.9;7.23
2019-08-28;76;Seine-Maritime;17.23;21.78;19.5
2019-01-23;92;Hauts-de-Seine;-0.4;0.6;0.1
2019-08-28;73;Savoie;15.1;27.35;21.22
2019-01-23;35;Ille-et-Vilaine;3.05;7.45;5.25
2019-08-28;63;Puy-de-Dôme;17.5;30.8;24.15
2019-01-23;26;Drôme;0.3;5.3;2.8
2019-08-28;04;Alpes-de-Haute-Provence;18.9;28.1;23.5
2019-01-23;33;Gironde;6.03;9.27;7.65
2019-08-28;55;Meuse;18.33;31.13;24.73
2019-01-23;63;Puy-de-Dôme;-1.2;3.0;0.9
2019-08-28;89;Yonne;17.0;32.1;24.55
2019-01-23;77;Seine-et-Marne;-0.6;1.5;0.45
2019-08-28;16;Charente;18.2;26.8;22.5
2019-01-23;37;Indre-et-Loire;1.2;5.4;3.3
2019-08-28;88;Vosges;19.17;32.2;25.68
2019-01-23;67;Bas-Rhin;-4.8;-0.4;-2.6
2019-08-28;61;Orne;17.0;22.3;19.65
2019-01-24;43;Haute-Loire;-4.9;-3.6;-4.25
2019-08-28;42;Loire;16.0;30.1;23.05
2019-01-24;72;Sarthe;-2.9;5.4;1.25
2019-08-28;28;Eure-et-Loir;15.05;28.2;21.62
2019-01-24;90;TerritoiredeBelfort;-2.7;-1.05;-1.88
2019-08-28;93;Seine-Saint-Denis;18.9;29.8;24.35
2019-01-24;19;Corrèze;1.3;4.6;2.95
2019-08-28;48;Lozère;12.4;29.0;20.7
2019-01-24;52;Haute-Marne;-2.95;-1.7;-2.33
2019-08-28;43;Haute-Loire;11.8;27.2;19.5
2019-01-24;21;Côte-d'Or;-1.6;-0.3;-0.95
2019-08-28;51;Marne;17.9;30.4;24.15
2019-01-24;08;Ardennes;-2.8;0.6;-1.1
2019-08-28;15;Cantal;14.0;27.3;20.65
2019-01-24;79;Deux-Sèvres;-2.3;6.4;2.05
2019-08-28;05;Hautes-Alpes;17.0;24.4;20.7
2019-01-24;84;Vaucluse;2.23;5.13;3.68
2019-08-29;23;Creuse;12.5;29.1;20.8
2019-01-24;63;Puy-de-Dôme;-1.6;0.4;-0.6
2019-08-29;24;Dordogne;16.1;30.15;23.12
2019-01-24;80;Somme;-3.7;1.25;-1.23
2019-08-29;51;Marne;15.65;25.1;20.38
2019-01-24;04;Alpes-de-Haute-Provence;0.8;6.4;3.6
2019-08-29;94;Val-de-Marne;18.3;25.3;21.8
2019-01-24;69;Rhône;-0.2;1.65;0.73
2019-08-29;91;Essonne;18.3;25.3;21.8
2019-01-24;46;Lot;-0.4;3.7;1.65
2019-08-29;89;Yonne;17.2;27.6;22.4
2019-01-25;10;Aube;-3.4;4.2;0.4
2019-08-29;03;Allier;13.9;29.5;21.7
2019-01-25;70;Haute-Saône;-6.2;1.6;-2.3
2019-08-29;37;Indre-et-Loire;13.9;25.9;19.9
2019-01-25;03;Allier;-2.3;3.0;0.35
2019-08-29;46;Lot;14.7;31.1;22.9
2019-01-25;83;Var;2.51;12.28;7.4
2019-08-29;76;Seine-Maritime;15.77;20.52;18.15
2019-01-25;29;Finistère;9.98;11.7;10.84
2019-08-29;66;Pyrénées-Orientales;21.85;32.0;26.92
2019-01-25;65;Hautes-Pyrénées;2.1;9.0;5.55
2019-08-29;07;Ardèche;17.9;33.5;25.7
2019-01-25;26;Drôme;-0.1;4.4;2.15
2019-08-29;16;Charente;12.6;29.2;20.9
2019-01-25;79;Deux-Sèvres;3.0;9.9;6.45
2019-08-29;15;Cantal;12.8;28.4;20.6
2019-01-25;38;Isère;-4.0;1.75;-1.12
2019-08-29;71;Saône-et-Loire;17.7;29.6;23.65
2019-01-25;14;Calvados;3.34;9.85;6.6
2019-08-29;05;Hautes-Alpes;15.0;30.8;22.9
2019-01-25;27;Eure;1.5;8.7;5.1
2019-08-29;40;Landes;17.63;28.77;23.2
2019-01-25;15;Cantal;-6.2;1.8;-2.2
2019-08-30;18;Cher;17.2;31.95;24.58
2019-01-25;02;Aisne;-0.6;4.4;1.9
2019-08-30;73;Savoie;15.25;31.35;23.3
2019-01-25;85;Vendée;6.45;11.25;8.85
2019-08-30;35;Ille-et-Vilaine;9.9;26.6;18.25
2019-01-25;18;Cher;-0.75;6.8;3.02
2019-08-30;63;Puy-de-Dôme;15.1;32.6;23.85
2019-01-25;66;Pyrénées-Orientales;4.95;11.0;7.98
2019-08-30;46;Lot;15.3;33.0;24.15
2019-01-25;88;Vosges;-4.23;1.93;-1.15
2019-08-30;39;Jura;16.7;30.7;23.7
2019-01-25;95;Val-d'Oise;0.8;7.37;4.08
2019-08-30;59;Nord;11.55;24.75;18.15
2019-01-25;21;Côte-d'Or;-5.2;3.2;-1.0
2019-08-30;79;Deux-Sèvres;15.3;32.1;23.7
2019-01-25;06;Alpes-Maritimes;3.27;12.22;7.74
2019-08-30;90;TerritoiredeBelfort;15.75;28.7;22.22
2019-01-26;65;Hautes-Pyrénées;3.3;13.2;8.25
2019-08-30;61;Orne;8.8;27.7;18.25
2019-01-26;80;Somme;4.55;8.8;6.67
2019-08-30;53;Mayenne;11.1;28.4;19.75
2019-01-26;09;Ariège;4.1;11.8;7.95
2019-08-30;19;Corrèze;15.3;34.3;24.8
2019-01-26;62;Pas-de-Calais;7.65;8.9;8.27
2019-08-30;69;Rhône;18.25;30.3;24.28
2019-01-26;16;Charente;8.1;11.6;9.85
2019-08-30;03;Allier;12.8;32.5;22.65
2019-01-26;21;Côte-d'Or;-0.5;5.4;2.45
2019-08-30;06;Alpes-Maritimes;22.87;29.17;26.02
2019-01-26;35;Ille-et-Vilaine;7.5;11.05;9.27
2019-08-30;71;Saône-et-Loire;15.9;31.15;23.52
2019-01-26;60;Oise;4.15;8.9;6.52
2019-08-30;70;Haute-Saône;13.5;30.0;21.75
2019-01-26;63;Puy-de-Dôme;-0.2;9.0;4.4
2019-08-31;60;Oise;10.2;29.95;20.08
2019-01-26;13;Bouches-du-Rhône;3.4;12.67;8.03
2019-08-31;92;Hauts-de-Seine;17.5;29.8;23.65
2019-01-26;57;Moselle;-0.3;5.5;2.6
2019-08-31;77;Seine-et-Marne;13.5;32.2;22.85
2019-01-26;19;Corrèze;3.4;9.0;6.2
2019-08-31;30;Gard;17.37;29.83;23.6
2019-01-26;06;Alpes-Maritimes;3.67;12.7;8.19
2019-08-31;2B;Haute-Corse;22.41;30.31;26.36
2019-01-26;48;Lozère;-3.8;3.9;0.05
2019-08-31;44;Loire-Atlantique;14.95;22.5;18.73
2019-01-26;77;Seine-et-Marne;3.7;8.9;6.3
2019-08-31;53;Mayenne;15.0;24.6;19.8
2019-01-26;59;Nord;4.55;9.55;7.05
2019-08-31;28;Eure-et-Loir;13.15;30.35;21.75
2019-01-26;92;Hauts-de-Seine;4.3;8.3;6.3
2019-08-31;70;Haute-Saône;14.4;31.9;23.15
2019-01-26;05;Hautes-Alpes;-6.9;8.6;0.85
2019-08-31;21;Côte-d'Or;16.3;33.4;24.85
2019-01-26;88;Vosges;-0.4;6.2;2.9
2019-08-31;11;Aude;19.45;31.2;25.32
2019-01-26;52;Haute-Marne;-0.65;5.3;2.32
2019-08-31;62;Pas-de-Calais;13.4;23.45;18.42
2019-01-26;49;Maine-et-Loire;7.8;10.8;9.3
2019-08-31;66;Pyrénées-Orientales;21.05;29.15;25.1
2019-01-26;26;Drôme;1.9;10.3;6.1
2019-08-31;23;Creuse;15.9;31.0;23.45
2019-01-27;09;Ariège;0.2;8.3;4.25
2019-08-31;74;Haute-Savoie;15.75;26.86;21.3
2019-01-27;10;Aube;3.6;8.1;5.85
2019-08-31;24;Dordogne;14.95;30.65;22.8
2019-01-27;84;Vaucluse;-0.97;14.47;6.75
2019-08-31;32;Gers;17.4;31.3;24.35
2019-01-27;17;Charente-Maritime;8.01;9.64;8.82
2019-08-31;29;Finistère;12.26;18.67;15.47
2019-01-27;39;Jura;4.7;8.1;6.4
2019-08-31;26;Drôme;17.0;34.9;25.95
2019-01-27;01;Ain;0.3;9.9;5.1
2019-08-31;67;Bas-Rhin;15.8;31.9;23.85
2019-01-27;03;Allier;4.1;8.8;6.45
2019-08-31;38;Isère;16.2;31.7;23.95
2019-01-27;90;TerritoiredeBelfort;2.4;9.0;5.7
2019-08-31;95;Val-d'Oise;14.73;30.77;22.75
2019-01-27;35;Ille-et-Vilaine;4.95;8.45;6.7
2019-09-01;58;Nièvre;11.4;19.7;15.55
2019-01-27;44;Loire-Atlantique;6.66;8.8;7.73
2019-09-01;07;Ardèche;17.0;26.9;21.95
2019-01-27;26;Drôme;-0.4;12.2;5.9
2019-09-01;19;Corrèze;17.7;25.5;21.6
2019-01-27;85;Vendée;6.4;9.2;7.8
2019-09-01;31;Haute-Garonne;17.93;22.83;20.38
2019-01-27;13;Bouches-du-Rhône;2.88;12.63;7.76
2019-09-01;60;Oise;13.6;23.2;18.4
2019-01-28;07;Ardèche;0.5;7.9;4.2
2019-09-01;62;Pas-de-Calais;14.0;18.6;16.3
2019-01-28;13;Bouches-du-Rhône;2.22;8.84;5.53
2019-09-01;35;Ille-et-Vilaine;12.1;20.85;16.48
2019-01-28;92;Hauts-de-Seine;0.0;6.5;3.25
2019-09-01;13;Bouches-du-Rhône;20.93;30.99;25.96
2019-01-28;57;Moselle;0.3;3.1;1.7
2019-09-01;39;Jura;18.0;24.0;21.0
2019-01-28;64;Pyrénées-Atlantiques;6.6;11.17;8.88
2019-09-01;09;Ariège;16.6;20.3;18.45
2019-01-28;73;Savoie;-1.75;3.75;1.0
2019-09-01;54;Meurthe-et-Moselle;13.95;21.0;17.47
2019-01-28;10;Aube;1.7;6.6;4.15
2019-09-01;47;Lot-et-Garonne;18.4;23.6;21.0
2019-01-28;04;Alpes-de-Haute-Provence;2.5;6.5;4.5
2019-09-02;66;Pyrénées-Orientales;19.95;26.2;23.08
2019-01-28;94;Val-de-Marne;1.3;7.1;4.2
2019-09-02;2A;Corse-du-Sud;20.85;28.3;24.58
2019-01-28;26;Drôme;-0.8;7.6;3.4
2019-09-02;19;Corrèze;13.8;25.6;19.7
2019-01-28;21;Côte-d'Or;0.8;5.9;3.35
2019-09-02;74;Haute-Savoie;15.09;19.7;17.4
2019-01-28;70;Haute-Saône;0.9;2.4;1.65
2019-09-02;24;Dordogne;9.15;25.6;17.38
2019-01-28;84;Vaucluse;0.57;9.27;4.92
2019-09-02;56;Morbihan;10.27;19.9;15.08
2019-01-28;16;Charente;5.1;9.3;7.2
2019-09-02;55;Meuse;7.0;22.43;14.72
2019-01-28;49;Maine-et-Loire;3.6;9.0;6.3
2019-09-02;38;Isère;16.95;22.95;19.95
2019-01-28;38;Isère;-1.55;4.45;1.45
2019-09-02;11;Aude;18.55;26.9;22.72
2019-01-28;72;Sarthe;2.8;8.6;5.7
2019-09-02;36;Indre;9.1;23.9;16.5
2019-01-28;44;Loire-Atlantique;4.97;8.4;6.69
2019-09-02;89;Yonne;9.0;23.2;16.1
2019-01-28;91;Essonne;1.3;7.1;4.2
2019-09-02;94;Val-de-Marne;11.2;22.8;17.0
2019-01-28;58;Nièvre;-0.9;6.2;2.65
2019-09-02;88;Vosges;12.07;23.17;17.62
2019-01-28;31;Haute-Garonne;3.53;9.83;6.68
2019-09-02;40;Landes;12.97;25.13;19.05
2019-01-28;35;Ille-et-Vilaine;3.65;9.1;6.38
2019-09-02;04;Alpes-de-Haute-Provence;18.4;30.3;24.35
2019-01-28;53;Mayenne;3.0;7.7;5.35
2019-09-02;23;Creuse;5.6;22.1;13.85
2019-01-28;93;Seine-Saint-Denis;1.9;6.8;4.35
2019-09-02;39;Jura;13.0;24.4;18.7
2019-01-28;36;Indre;1.9;7.7;4.8
2019-09-03;21;Côte-d'Or;11.6;26.3;18.95
2019-01-28;12;Aveyron;-0.6;1.85;0.62
2019-09-03;24;Dordogne;5.8;28.4;17.1
2019-01-28;06;Alpes-Maritimes;6.53;12.78;9.66
2019-09-03;44;Loire-Atlantique;11.22;23.55;17.38
2019-01-29;22;Côtes-d'Armor;2.77;5.73;4.25
2019-09-03;2A;Corse-du-Sud;21.19;28.33;24.76
2019-01-29;77;Seine-et-Marne;-2.7;4.1;0.7
2019-09-03;85;Vendée;11.45;24.9;18.18
2019-01-29;70;Haute-Saône;-2.1;2.2;0.05
2019-09-03;53;Mayenne;9.5;23.6;16.55
2019-01-29;41;Loir-et-Cher;-4.45;5.35;0.45
2019-09-03;16;Charente;9.2;27.5;18.35
2019-01-29;26;Drôme;1.6;7.1;4.35
2019-09-03;31;Haute-Garonne;11.2;28.03;19.62
2019-01-29;90;TerritoiredeBelfort;-0.7;3.8;1.55
2019-09-03;81;Tarn;9.5;29.3;19.4
2019-01-29;24;Dordogne;0.35;9.35;4.85
2019-09-03;86;Vienne;8.6;25.9;17.25
2019-01-29;01;Ain;0.3;5.9;3.1
2019-09-03;79;Deux-Sèvres;11.4;26.6;19.0
2019-01-29;62;Pas-de-Calais;-1.55;4.85;1.65
2019-09-03;75;Paris;13.8;23.7;18.75
2019-01-29;31;Haute-Garonne;2.23;9.2;5.72
2019-09-03;90;TerritoiredeBelfort;8.65;24.7;16.68
2019-01-29;2A;Corse-du-Sud;1.97;12.57;7.27
2019-09-03;49;Maine-et-Loire;9.2;25.5;17.35
2019-01-29;14;Calvados;1.78;5.07;3.42
2019-09-03;92;Hauts-de-Seine;9.9;22.8;16.35
2019-01-29;84;Vaucluse;2.2;8.23;5.22
2019-09-03;15;Cantal;3.5;27.5;15.5
2019-01-29;10;Aube;-2.6;5.4;1.4
2019-09-03;29;Finistère;11.57;19.88;15.73
2019-01-29;49;Maine-et-Loire;2.4;6.9;4.65
2019-09-04;37;Indre-et-Loire;11.0;25.5;18.25
2019-01-29;36;Indre;-2.1;7.1;2.5
2019-09-04;22;Côtes-d'Armor;12.57;19.0;15.78
2019-01-29;03;Allier;0.2;7.3;3.75
2019-09-04;03;Allier;5.1;28.5;16.8
2019-01-29;37;Indre-et-Loire;0.8;6.2;3.5
2019-09-04;84;Vaucluse;12.83;32.8;22.82
2019-01-29;93;Seine-Saint-Denis;-2.0;4.8;1.4
2019-09-04;61;Orne;7.7;21.3;14.5
2019-01-29;39;Jura;-1.0;5.0;2.0
2019-09-04;69;Rhône;11.45;28.05;19.75
2019-01-29;29;Finistère;5.0;7.85;6.43
2019-09-04;72;Sarthe;9.0;23.2;16.1
2019-01-29;48;Lozère;-6.1;0.3;-2.9
2019-09-04;34;Hérault;16.2;31.3;23.75
2019-01-29;79;Deux-Sèvres;0.0;9.2;4.6
2019-09-04;54;Meurthe-et-Moselle;9.15;27.25;18.2
2019-01-29;40;Landes;5.37;10.83;8.1
2019-09-04;92;Hauts-de-Seine;11.7;24.0;17.85
2019-01-30;52;Haute-Marne;-0.4;2.4;1.0
2019-09-04;74;Haute-Savoie;11.99;24.55;18.27
2019-01-30;12;Aveyron;-0.55;2.45;0.95
2019-09-04;44;Loire-Atlantique;11.75;21.84;16.8
2019-01-30;88;Vosges;-1.67;3.53;0.93
2019-09-04;19;Corrèze;7.8;29.9;18.85
2019-01-30;38;Isère;0.65;6.2;3.42
2019-09-04;30;Gard;14.97;28.33;21.65
2019-01-30;33;Gironde;5.1;10.27;7.68
2019-09-04;26;Drôme;15.5;32.8;24.15
2019-01-30;35;Ille-et-Vilaine;0.7;7.2;3.95
2019-09-04;41;Loir-et-Cher;6.35;27.1;16.73
2019-01-30;92;Hauts-de-Seine;-0.1;2.3;1.1
2019-09-04;58;Nièvre;5.0;27.5;16.25
2019-01-30;08;Ardennes;-4.7;2.3;-1.2
2019-09-04;42;Loire;7.45;27.3;17.38
2019-01-30;34;Hérault;2.57;10.3;6.43
2019-09-04;77;Seine-et-Marne;9.4;26.5;17.95
2019-01-30;02;Aisne;-1.5;2.4;0.45
2019-09-04;16;Charente;9.6;26.8;18.2
2019-01-30;57;Moselle;-0.9;1.3;0.2
2019-09-04;46;Lot;8.4;28.7;18.55
2019-01-30;65;Hautes-Pyrénées;1.5;7.1;4.3
2019-09-05;43;Haute-Loire;9.7;15.4;12.55
2019-01-30;83;Var;3.31;9.47;6.39
2019-09-05;94;Val-de-Marne;11.5;19.2;15.35
2019-01-30;13;Bouches-du-Rhône;2.01;8.85;5.43
2019-09-05;46;Lot;13.1;21.0;17.05
2019-01-30;28;Eure-et-Loir;0.2;3.3;1.75
2019-09-05;16;Charente;11.5;21.9;16.7
2019-01-31;52;Haute-Marne;-1.2;5.2;2.0
2019-09-05;09;Ariège;12.5;20.5;16.5
2019-01-31;44;Loire-Atlantique;1.33;10.58;5.96
2019-09-05;13;Bouches-du-Rhône;18.37;25.03;21.7
2019-01-31;10;Aube;0.2;6.8;3.5
2019-09-05;53;Mayenne;10.9;19.4;15.15
2019-01-31;87;Haute-Vienne;0.1;6.9;3.5
2019-09-05;44;Loire-Atlantique;11.64;19.77;15.71
2019-01-31;01;Ain;0.5;8.2;4.35
2019-09-05;17;Charente-Maritime;14.78;19.96;17.37
2019-01-31;45;Loiret;-1.2;7.1;2.95
2019-09-05;39;Jura;13.7;20.7;17.2
2019-01-31;08;Ardennes;-6.7;3.0;-1.85
2019-09-05;59;Nord;12.85;17.25;15.05
2019-01-31;32;Gers;2.3;13.6;7.95
2019-09-05;81;Tarn;16.0;22.5;19.25
2019-01-31;39;Jura;0.7;8.5;4.6
2019-09-05;05;Hautes-Alpes;11.1;23.5;17.3
2019-01-31;09;Ariège;2.1;11.0;6.55
2019-09-05;65;Hautes-Pyrénées;12.9;20.2;16.55
2019-01-31;18;Cher;0.4;8.0;4.2
2019-09-05;18;Cher;8.15;20.8;14.48
2019-01-31;25;Doubs;0.0;8.3;4.15
2019-09-05;85;Vendée;11.85;19.75;15.8
2019-01-31;67;Bas-Rhin;-1.8;5.4;1.8
2019-09-05;74;Haute-Savoie;11.06;16.51;13.78
2019-02-01;94;Val-de-Marne;1.6;7.2;4.4
2019-09-05;11;Aude;17.0;23.9;20.45
2019-02-01;43;Haute-Loire;1.3;9.5;5.4
2019-09-06;63;Puy-de-Dôme;8.5;20.4;14.45
2019-02-01;01;Ain;4.4;6.5;5.45
2019-09-06;21;Côte-d'Or;10.5;22.0;16.25
2019-02-01;2B;Haute-Corse;9.15;15.8;12.47
2019-09-06;13;Bouches-du-Rhône;16.15;24.46;20.31
2019-02-01;62;Pas-de-Calais;-0.85;4.35;1.75
2019-09-06;12;Aveyron;7.15;19.65;13.4
2019-02-01;36;Indre;3.4;9.5;6.45
2019-09-06;68;Haut-Rhin;10.4;19.4;14.9
2019-02-01;55;Meuse;-0.37;6.13;2.88
2019-09-06;37;Indre-et-Loire;7.4;21.6;14.5
2019-02-01;04;Alpes-de-Haute-Provence;2.5;10.7;6.6
2019-09-06;92;Hauts-de-Seine;6.5;20.9;13.7
2019-02-01;89;Yonne;3.2;9.2;6.2
2019-09-06;38;Isère;9.8;17.85;13.82
2019-02-01;63;Puy-de-Dôme;6.2;13.5;9.85
2019-09-06;14;Calvados;8.68;18.48;13.58
2019-02-01;92;Hauts-de-Seine;0.9;6.3;3.6
2019-09-06;88;Vosges;8.23;20.83;14.53
2019-02-01;88;Vosges;0.63;6.33;3.48
2019-09-06;18;Cher;7.05;21.45;14.25
2019-02-01;27;Eure;0.7;4.8;2.75
2019-09-06;94;Val-de-Marne;6.8;22.2;14.5
2019-02-01;84;Vaucluse;7.43;10.33;8.88
2019-09-06;55;Meuse;5.17;20.3;12.73
2019-02-01;38;Isère;2.6;4.6;3.6
2019-09-06;54;Meurthe-et-Moselle;6.7;21.25;13.98
2019-02-01;18;Cher;4.25;8.4;6.32
2019-09-06;79;Deux-Sèvres;9.6;22.4;16.0
2019-02-01;2A;Corse-du-Sud;10.66;15.03;12.84
2019-09-06;82;Tarn-et-Garonne;10.8;23.7;17.25
2019-02-01;39;Jura;4.6;7.5;6.05
2019-09-06;23;Creuse;3.9;19.7;11.8
2019-02-01;12;Aveyron;2.4;11.0;6.7
2019-09-06;10;Aube;5.8;20.6;13.2
2019-02-01;75;Paris;2.2;7.7;4.95
2019-09-07;59;Nord;11.9;17.8;14.85
2019-02-02;32;Gers;4.6;6.0;5.3
2019-09-07;92;Hauts-de-Seine;11.9;19.3;15.6
2019-02-02;28;Eure-et-Loir;2.65;4.75;3.7
2019-09-07;85;Vendée;13.6;21.8;17.7
2019-02-02;61;Orne;2.3;5.0;3.65
2019-09-07;67;Bas-Rhin;10.1;21.4;15.75
2019-02-02;62;Pas-de-Calais;2.6;4.75;3.68
2019-09-07;39;Jura;8.0;22.2;15.1
2019-02-02;36;Indre;0.6;5.3;2.95
2019-09-07;13;Bouches-du-Rhône;16.33;26.17;21.25
2019-02-02;53;Mayenne;3.0;6.3;4.65
2019-09-07;60;Oise;11.75;19.55;15.65
2019-02-02;22;Côtes-d'Armor;2.87;6.87;4.87
2019-09-07;18;Cher;11.95;21.45;16.7
2019-02-02;06;Alpes-Maritimes;7.07;12.45;9.76
2019-09-07;16;Charente;12.7;24.7;18.7
2019-02-02;50;Manche;3.94;5.57;4.76
2019-09-07;79;Deux-Sèvres;13.2;23.7;18.45
2019-02-02;92;Hauts-de-Seine;2.4;4.1;3.25
2019-09-07;31;Haute-Garonne;8.93;24.17;16.55
2019-02-02;88;Vosges;1.8;7.93;4.87
2019-09-07;65;Hautes-Pyrénées;7.2;21.2;14.2
2019-02-02;27;Eure;2.4;4.8;3.6
2019-09-07;94;Val-de-Marne;13.2;20.7;16.95
2019-02-02;30;Gard;1.6;3.77;2.68
2019-09-07;06;Alpes-Maritimes;16.87;24.73;20.8
2019-02-02;80;Somme;1.3;4.2;2.75
2019-09-07;70;Haute-Saône;7.7;20.8;14.25
2019-02-02;18;Cher;1.35;4.95;3.15
2019-09-07;30;Gard;11.53;23.33;17.43
2019-02-02;81;Tarn;3.1;6.2;4.65
2019-09-07;62;Pas-de-Calais;11.35;17.2;14.28
2019-02-02;77;Seine-et-Marne;2.9;5.4;4.15
2019-09-08;86;Vienne;7.5;19.6;13.55
2019-02-02;29;Finistère;4.52;7.3;5.91
2019-09-08;28;Eure-et-Loir;8.6;19.55;14.08
2019-02-02;12;Aveyron;-0.2;1.85;0.82
2019-09-08;58;Nièvre;6.5;19.1;12.8
2019-02-02;59;Nord;2.65;5.45;4.05
2019-09-08;89;Yonne;9.0;18.9;13.95
2019-02-02;47;Lot-et-Garonne;3.4;5.6;4.5
2019-09-08;60;Oise;7.0;18.65;12.82
2019-02-02;85;Vendée;3.7;7.75;5.72
2019-09-08;56;Morbihan;10.33;19.63;14.98
2019-02-02;95;Val-d'Oise;2.17;4.77;3.47
2019-09-08;54;Meurthe-et-Moselle;8.6;15.8;12.2
2019-02-02;05;Hautes-Alpes;-1.4;3.2;0.9
2019-09-08;08;Ardennes;11.0;18.0;14.5
2019-02-02;25;Doubs;2.3;6.6;4.45
2019-09-08;94;Val-de-Marne;10.7;20.1;15.4
2019-02-02;71;Saône-et-Loire;0.4;4.6;2.5
2019-09-08;88;Vosges;9.23;15.77;12.5
2019-02-03;15;Cantal;-1.4;0.4;-0.5
2019-09-08;29;Finistère;11.28;18.03;14.66
2019-02-03;28;Eure-et-Loir;0.45;6.2;3.32
2019-09-08;76;Seine-Maritime;10.2;17.03;13.61
2019-02-03;03;Allier;1.1;3.9;2.5
2019-09-08;42;Loire;6.7;17.55;12.12
2019-02-03;82;Tarn-et-Garonne;0.7;6.8;3.75
2019-09-08;32;Gers;12.8;23.3;18.05
2019-02-03;51;Marne;1.25;5.5;3.38
2019-09-08;41;Loir-et-Cher;6.3;20.35;13.32
2019-02-03;85;Vendée;0.9;8.75;4.82
2019-09-08;65;Hautes-Pyrénées;9.5;21.4;15.45
2019-02-03;08;Ardennes;-1.1;5.6;2.25
2019-09-08;57;Moselle;9.1;15.7;12.4
2019-02-03;01;Ain;0.0;2.4;1.2
2019-09-08;90;TerritoiredeBelfort;10.25;15.1;12.68
2019-02-03;17;Charente-Maritime;3.99;7.73;5.86
2019-09-08;02;Aisne;9.8;18.5;14.15
2019-02-03;2A;Corse-du-Sud;7.11;11.22;9.17
2019-09-08;66;Pyrénées-Orientales;17.55;26.3;21.92
2019-02-03;77;Seine-et-Marne;1.3;7.2;4.25
2019-09-08;75;Paris;11.5;19.2;15.35
2019-02-03;21;Côte-d'Or;1.5;5.0;3.25
2019-09-08;63;Puy-de-Dôme;8.3;18.2;13.25
2019-02-03;50;Manche;3.79;7.55;5.67
2019-09-08;69;Rhône;10.25;18.35;14.3
2019-02-03;41;Loir-et-Cher;-0.6;6.8;3.1
2019-09-09;62;Pas-de-Calais;9.2;17.4;13.3
2019-02-03;23;Creuse;-0.2;3.0;1.4
2019-09-09;70;Haute-Saône;7.4;17.8;12.6
2019-02-03;40;Landes;-0.27;9.5;4.62
2019-09-09;49;Maine-et-Loire;6.0;20.3;13.15
2019-02-03;11;Aude;2.6;6.15;4.38
2019-09-09;36;Indre;3.6;19.7;11.65
2019-02-03;58;Nièvre;1.0;5.0;3.0
2019-09-09;04;Alpes-de-Haute-Provence;9.7;23.3;16.5
2019-02-03;44;Loire-Atlantique;0.38;9.05;4.71
2019-09-09;37;Indre-et-Loire;6.7;20.1;13.4
2019-02-04;54;Meurthe-et-Moselle;-4.6;4.6;-0.0
2019-09-09;66;Pyrénées-Orientales;16.25;23.7;19.98
2019-02-04;35;Ille-et-Vilaine;3.55;7.2;5.38
2019-09-09;15;Cantal;0.7;18.6;9.65
2019-02-04;43;Haute-Loire;-9.6;2.7;-3.45
2019-09-09;83;Var;14.67;24.4;19.54
2019-02-04;49;Maine-et-Loire;1.0;3.5;2.25
2019-09-09;90;TerritoiredeBelfort;8.45;18.45;13.45
2019-02-04;79;Deux-Sèvres;-2.7;3.7;0.5
2019-09-09;65;Hautes-Pyrénées;6.5;20.7;13.6
2019-02-04;80;Somme;-0.45;3.05;1.3
2019-09-09;14;Calvados;7.22;17.31;12.26
2019-02-04;2A;Corse-du-Sud;5.62;14.85;10.24
2019-09-09;08;Ardennes;1.3;17.3;9.3
2019-02-04;81;Tarn;-4.3;8.8;2.25
2019-09-09;43;Haute-Loire;0.1;16.5;8.3
2019-02-04;16;Charente;-2.6;4.6;1.0
2019-09-09;28;Eure-et-Loir;5.55;20.65;13.1
2019-02-04;09;Ariège;-4.2;10.5;3.15
2019-09-09;35;Ille-et-Vilaine;8.85;17.2;13.02
2019-02-04;12;Aveyron;-5.75;3.5;-1.12
2019-09-09;94;Val-de-Marne;7.4;21.1;14.25
2019-02-04;59;Nord;0.6;4.15;2.38
2019-09-09;06;Alpes-Maritimes;15.08;23.68;19.38
2019-02-04;05;Hautes-Alpes;-5.1;9.2;2.05
2019-09-09;73;Savoie;6.15;19.65;12.9
2019-02-04;62;Pas-de-Calais;0.65;5.4;3.02
2019-09-09;01;Ain;5.2;17.9;11.55
2019-02-04;19;Corrèze;-4.7;5.0;0.15
2019-09-09;81;Tarn;6.1;23.0;14.55
2019-02-04;14;Calvados;0.59;5.65;3.12
2019-09-10;80;Somme;10.4;21.9;16.15
2019-02-04;31;Haute-Garonne;-4.1;8.6;2.25
2019-09-10;74;Haute-Savoie;8.94;17.26;13.1
2019-02-04;42;Loire;-3.65;3.95;0.15
2019-09-10;08;Ardennes;5.5;21.4;13.45
2019-02-04;21;Côte-d'Or;-3.6;5.8;1.1
2019-09-10;14;Calvados;8.17;18.81;13.49
2019-02-04;01;Ain;-3.9;2.9;-0.5
2019-09-10;92;Hauts-de-Seine;9.6;21.8;15.7
2019-02-05;28;Eure-et-Loir;1.65;5.4;3.52
2019-09-10;19;Corrèze;11.9;21.9;16.9
2019-02-05;07;Ardèche;-1.7;15.7;7.0
2019-09-10;43;Haute-Loire;4.3;16.8;10.55
2019-02-05;2A;Corse-du-Sud;3.95;13.93;8.94
2019-09-10;04;Alpes-de-Haute-Provence;10.5;16.2;13.35
2019-02-05;46;Lot;1.3;8.0;4.65
2019-09-10;89;Yonne;7.3;22.7;15.0
2019-02-05;01;Ain;-4.4;6.6;1.1
2019-09-10;10;Aube;6.1;22.5;14.3
2019-02-05;80;Somme;2.0;5.25;3.62
2019-09-10;30;Gard;10.0;15.07;12.53
2019-02-05;31;Haute-Garonne;3.7;11.7;7.7
2019-09-10;64;Pyrénées-Atlantiques;12.5;20.2;16.35
2019-02-05;58;Nièvre;-3.6;9.9;3.15
2019-09-10;26;Drôme;14.1;19.8;16.95
2019-02-05;71;Saône-et-Loire;-3.0;8.35;2.68
2019-09-10;38;Isère;11.3;19.0;15.15
2019-02-05;72;Sarthe;2.3;7.4;4.85
2019-09-10;55;Meuse;6.53;21.47;14.0
2019-02-05;55;Meuse;-1.8;8.6;3.4
2019-09-11;85;Vendée;11.85;20.95;16.4
2019-02-05;79;Deux-Sèvres;2.2;9.1;5.65
2019-09-11;2B;Haute-Corse;18.7;27.4;23.05
2019-02-05;95;Val-d'Oise;2.9;8.47;5.68
2019-09-11;29;Finistère;10.87;18.43;14.65
2019-02-05;90;TerritoiredeBelfort;-4.3;5.05;0.37
2019-09-11;53;Mayenne;10.9;22.7;16.8
2019-02-05;69;Rhône;-2.45;7.15;2.35
2019-09-11;26;Drôme;16.2;26.6;21.4
2019-02-05;65;Hautes-Pyrénées;5.0;10.9;7.95
2019-09-11;07;Ardèche;16.0;28.2;22.1
2019-02-05;68;Haut-Rhin;-5.45;5.8;0.17
2019-09-11;55;Meuse;7.1;21.9;14.5
2019-02-05;78;Yvelines;1.77;6.57;4.17
2019-09-11;62;Pas-de-Calais;13.65;17.75;15.7
2019-02-05;34;Hérault;3.63;15.63;9.63
2019-09-11;41;Loir-et-Cher;4.85;24.3;14.58
2019-02-05;59;Nord;3.05;7.45;5.25
2019-09-11;86;Vienne;9.0;24.9;16.95
2019-02-05;27;Eure;1.6;5.5;3.55
2019-09-11;63;Puy-de-Dôme;6.7;23.6;15.15
2019-02-06;15;Cantal;1.6;12.4;7.0
2019-09-11;93;Seine-Saint-Denis;11.3;24.7;18.0
2019-02-06;76;Seine-Maritime;3.92;10.4;7.16
2019-09-11;58;Nièvre;2.8;24.9;13.85
2019-02-06;46;Lot;6.3;11.9;9.1
2019-09-11;31;Haute-Garonne;11.9;25.67;18.78
2019-02-06;2B;Haute-Corse;5.63;15.31;10.47
2019-09-11;50;Manche;14.42;18.15;16.28
2019-02-06;05;Hautes-Alpes;-2.1;13.8;5.85
2019-09-11;56;Morbihan;10.97;18.43;14.7
2019-02-06;23;Creuse;5.8;11.7;8.75
2019-09-11;35;Ille-et-Vilaine;10.35;21.7;16.03
2019-02-06;84;Vaucluse;-0.8;14.47;6.83
2019-09-12;69;Rhône;9.95;26.8;18.38
2019-02-06;32;Gers;10.0;13.6;11.8
2019-09-12;66;Pyrénées-Orientales;20.7;28.1;24.4
2019-02-06;25;Doubs;-5.2;8.0;1.4
2019-09-12;57;Moselle;15.6;24.5;20.05
2019-02-06;78;Yvelines;3.1;9.7;6.4
2019-09-12;77;Seine-et-Marne;11.9;24.7;18.3
2019-02-06;47;Lot-et-Garonne;8.6;11.9;10.25
2019-09-12;45;Loiret;11.0;26.8;18.9
2019-02-06;62;Pas-de-Calais;3.6;10.05;6.82
2019-09-12;94;Val-de-Marne;15.4;24.7;20.05
2019-02-06;86;Vienne;7.4;11.9;9.65
2019-09-12;95;Val-d'Oise;17.37;23.37;20.37
2019-02-06;55;Meuse;-4.4;8.97;2.28
2019-09-12;88;Vosges;10.4;26.47;18.43
2019-02-06;51;Marne;-3.0;8.1;2.55
2019-09-12;37;Indre-et-Loire;11.9;25.6;18.75
2019-02-06;37;Indre-et-Loire;5.8;11.8;8.8
2019-09-12;51;Marne;12.8;24.6;18.7
2019-02-06;34;Hérault;3.43;17.13;10.28
2019-09-12;10;Aube;8.8;25.5;17.15
2019-02-06;19;Corrèze;7.2;13.7;10.45
2019-09-12;59;Nord;17.05;22.6;19.83
2019-02-06;41;Loir-et-Cher;4.7;12.3;8.5
2019-09-12;87;Haute-Vienne;13.0;26.3;19.65
2019-02-06;79;Deux-Sèvres;8.2;12.4;10.3
2019-09-12;83;Var;16.9;28.07;22.49
2019-02-07;53;Mayenne;4.7;11.5;8.1
2019-09-13;36;Indre;12.4;30.2;21.3
2019-02-07;86;Vienne;7.1;11.8;9.45
2019-09-13;31;Haute-Garonne;11.63;30.77;21.2
2019-02-07;65;Hautes-Pyrénées;4.0;12.4;8.2
2019-09-13;37;Indre-et-Loire;15.0;28.0;21.5
2019-02-07;37;Indre-et-Loire;6.8;11.7;9.25
2019-09-13;18;Cher;14.1;29.25;21.67
2019-02-07;70;Haute-Saône;-2.0;5.8;1.9
2019-09-13;11;Aude;13.9;28.65;21.28
2019-02-07;07;Ardèche;-1.2;13.5;6.15
2019-09-13;06;Alpes-Maritimes;19.71;27.46;23.59
2019-02-07;11;Aude;5.5;14.3;9.9
2019-09-13;26;Drôme;17.2;31.4;24.3
2019-02-07;91;Essonne;6.4;11.0;8.7
2019-09-13;32;Gers;9.6;30.3;19.95
2019-02-07;05;Hautes-Alpes;-2.3;7.3;2.5
2019-09-13;22;Côtes-d'Armor;15.5;19.47;17.48
2019-02-07;71;Saône-et-Loire;0.9;9.55;5.22
2019-09-13;24;Dordogne;8.75;33.5;21.12
2019-02-07;81;Tarn;3.2;10.3;6.75
2019-09-13;85;Vendée;13.6;26.15;19.88
2019-02-07;73;Savoie;-4.15;4.65;0.25
2019-09-13;2B;Haute-Corse;19.69;28.61;24.15
2019-02-07;22;Côtes-d'Armor;6.03;10.87;8.45
2019-09-13;19;Corrèze;10.8;33.9;22.35
2019-02-07;72;Sarthe;6.2;12.4;9.3
2019-09-13;57;Moselle;14.0;21.7;17.85
2019-02-07;40;Landes;6.23;13.43;9.83
2019-09-13;15;Cantal;10.4;31.1;20.75
2019-02-08;44;Loire-Atlantique;8.87;11.06;9.97
2019-09-13;29;Finistère;15.24;18.73;16.99
2019-02-08;26;Drôme;3.2;13.1;8.15
2019-09-13;71;Saône-et-Loire;10.95;29.35;20.15
2019-02-08;48;Lozère;-2.7;9.7;3.5
2019-09-13;59;Nord;16.4;21.25;18.83
2019-02-08;10;Aube;3.0;10.6;6.8
2019-09-13;90;TerritoiredeBelfort;10.05;25.75;17.9
2019-02-08;69;Rhône;-0.1;9.8;4.85
2019-09-13;65;Hautes-Pyrénées;11.3;26.7;19.0
2019-02-08;30;Gard;1.0;12.07;6.53
2019-09-13;05;Hautes-Alpes;14.3;30.1;22.2
2019-02-08;78;Yvelines;5.77;9.07;7.42
2019-09-13;76;Seine-Maritime;15.68;20.12;17.9
2019-02-08;15;Cantal;1.5;9.8;5.65
2019-09-14;74;Haute-Savoie;13.55;25.75;19.65
2019-02-08;82;Tarn-et-Garonne;0.9;13.8;7.35
2019-09-14;38;Isère;11.55;29.65;20.6
2019-02-08;42;Loire;-1.9;10.25;4.18
2019-09-14;59;Nord;13.0;22.0;17.5
2019-02-08;06;Alpes-Maritimes;5.65;14.05;9.85
2019-09-14;39;Jura;13.5;27.2;20.35
2019-02-08;39;Jura;2.5;9.4;5.95
2019-09-14;68;Haut-Rhin;11.95;25.15;18.55
2019-02-08;17;Charente-Maritime;9.42;11.68;10.55
2019-09-14;32;Gers;13.8;29.6;21.7
2019-02-08;51;Marne;3.1;9.5;6.3
2019-09-14;35;Ille-et-Vilaine;14.9;25.5;20.2
2019-02-08;81;Tarn;-0.1;15.0;7.45
2019-09-14;44;Loire-Atlantique;16.2;27.51;21.86
2019-02-08;91;Essonne;5.6;9.9;7.75
2019-09-14;2A;Corse-du-Sud;19.26;27.79;23.53
2019-02-08;75;Paris;6.6;10.1;8.35
2019-09-14;09;Ariège;13.0;27.7;20.35
2019-02-08;80;Somme;5.35;10.35;7.85
2019-09-14;55;Meuse;10.23;25.87;18.05
2019-02-09;30;Gard;1.17;11.43;6.3
2019-09-14;42;Loire;10.5;29.25;19.88
2019-02-09;64;Pyrénées-Atlantiques;6.17;17.63;11.9
2019-09-14;11;Aude;16.8;26.8;21.8
2019-02-09;80;Somme;6.85;10.65;8.75
2019-09-14;25;Doubs;14.5;27.2;20.85
2019-02-09;09;Ariège;1.2;15.9;8.55
2019-09-14;83;Var;18.73;28.42;23.58
2019-02-09;77;Seine-et-Marne;6.5;11.5;9.0
2019-09-14;65;Hautes-Pyrénées;14.6;27.5;21.05
2019-02-09;83;Var;4.55;14.83;9.69
2019-09-14;71;Saône-et-Loire;13.55;29.95;21.75
2019-02-09;68;Haut-Rhin;3.1;12.55;7.82
2019-09-14;77;Seine-et-Marne;13.1;26.3;19.7
2019-02-09;56;Morbihan;8.97;12.07;10.52
2019-09-14;76;Seine-Maritime;12.25;23.15;17.7
2019-02-09;85;Vendée;9.2;12.35;10.77
2019-09-14;41;Loir-et-Cher;14.6;28.7;21.65
2019-02-09;87;Haute-Vienne;6.4;10.3;8.35
2019-09-14;10;Aube;11.6;26.8;19.2
2019-02-09;63;Puy-de-Dôme;4.9;13.4;9.15
2019-09-15;78;Yvelines;11.87;27.07;19.47
2019-02-09;45;Loiret;7.0;11.5;9.25
2019-09-15;81;Tarn;16.4;32.3;24.35
2019-02-09;58;Nièvre;6.8;12.8;9.8
2019-09-15;84;Vaucluse;13.87;32.93;23.4
2019-02-09;88;Vosges;4.1;11.73;7.92
2019-09-15;79;Deux-Sèvres;16.5;32.5;24.5
2019-02-09;06;Alpes-Maritimes;5.3;14.22;9.76
2019-09-15;52;Haute-Marne;13.5;29.4;21.45
2019-02-09;07;Ardèche;0.3;11.1;5.7
2019-09-15;33;Gironde;16.53;30.73;23.63
2019-02-09;52;Haute-Marne;5.5;10.2;7.85
2019-09-15;46;Lot;14.7;33.2;23.95
2019-02-09;73;Savoie;-2.0;10.1;4.05
2019-09-15;28;Eure-et-Loir;11.4;28.7;20.05
2019-02-09;74;Haute-Savoie;0.15;8.25;4.2
2019-09-15;35;Ille-et-Vilaine;12.0;24.15;18.08
2019-02-09;61;Orne;7.2;11.9;9.55
2019-09-15;45;Loiret;10.6;28.9;19.75
2019-02-09;12;Aveyron;1.25;12.05;6.65
2019-09-15;55;Meuse;9.1;28.0;18.55
2019-02-10;13;Bouches-du-Rhône;6.21;14.08;10.14
2019-09-15;49;Maine-et-Loire;12.9;29.8;21.35
2019-02-10;61;Orne;4.6;8.9;6.75
2019-09-15;15;Cantal;12.3;29.6;20.95
2019-02-10;26;Drôme;4.3;11.2;7.75
2019-09-15;95;Val-d'Oise;10.0;27.5;18.75
2019-02-10;39;Jura;6.4;10.9;8.65
2019-09-15;2A;Corse-du-Sud;17.85;28.27;23.06
2019-02-10;42;Loire;6.45;14.5;10.48
2019-09-15;39;Jura;11.1;30.9;21.0
2019-02-10;17;Charente-Maritime;8.19;11.21;9.7
2019-09-15;48;Lozère;12.8;27.6;20.2
2019-02-10;59;Nord;5.85;9.3;7.58
2019-09-15;24;Dordogne;11.5;32.95;22.22
2019-02-10;91;Essonne;6.1;10.5;8.3
2019-09-15;34;Hérault;17.27;28.23;22.75
2019-02-10;40;Landes;7.0;14.37;10.68
2019-09-15;86;Vienne;14.0;31.7;22.85
2019-02-10;74;Haute-Savoie;1.89;7.5;4.7
2019-09-15;70;Haute-Saône;11.2;28.8;20.0
2019-02-10;73;Savoie;2.8;9.6;6.2
2019-09-15;50;Manche;13.85;19.13;16.49
2019-02-10;63;Puy-de-Dôme;5.9;13.5;9.7
2019-09-16;42;Loire;14.25;31.45;22.85
2019-02-10;04;Alpes-de-Haute-Provence;1.3;10.4;5.85
2019-09-16;40;Landes;18.0;30.23;24.12
2019-02-10;30;Gard;3.57;10.73;7.15
2019-09-16;64;Pyrénées-Atlantiques;18.37;26.7;22.53
2019-02-10;02;Aisne;5.2;10.2;7.7
2019-09-16;16;Charente;16.1;33.0;24.55
2019-02-10;71;Saône-et-Loire;6.55;12.95;9.75
2019-09-16;43;Haute-Loire;9.9;29.6;19.75
2019-02-10;89;Yonne;5.9;11.4;8.65
2019-09-16;06;Alpes-Maritimes;20.07;26.32;23.19
2019-02-11;08;Ardennes;-1.0;7.1;3.05
2019-09-16;09;Ariège;13.5;27.9;20.7
2019-02-11;62;Pas-de-Calais;4.0;8.05;6.02
2019-09-16;72;Sarthe;13.7;29.0;21.35
2019-02-11;52;Haute-Marne;1.3;5.6;3.45
2019-09-16;39;Jura;13.7;31.6;22.65
2019-02-11;78;Yvelines;2.37;8.47;5.42
2019-09-16;10;Aube;8.7;27.9;18.3
2019-02-11;93;Seine-Saint-Denis;3.1;9.1;6.1
2019-09-16;63;Puy-de-Dôme;17.6;32.2;24.9
2019-02-11;71;Saône-et-Loire;3.7;8.65;6.18
2019-09-16;76;Seine-Maritime;11.1;19.15;15.12
2019-02-11;24;Dordogne;-0.05;12.3;6.12
2019-09-16;53;Mayenne;12.5;28.1;20.3
2019-02-11;19;Corrèze;1.0;10.4;5.7
2019-09-16;08;Ardennes;4.6;25.6;15.1
2019-02-11;25;Doubs;2.9;6.1;4.5
2019-09-16;77;Seine-et-Marne;9.6;26.9;18.25
2019-02-11;94;Val-de-Marne;2.9;9.6;6.25
2019-09-16;13;Bouches-du-Rhône;18.26;28.68;23.47
2019-02-11;74;Haute-Savoie;-1.59;1.72;0.06
2019-09-16;57;Moselle;11.0;26.9;18.95
2019-02-11;91;Essonne;2.9;9.6;6.25
2019-09-16;32;Gers;15.5;31.3;23.4
2019-02-11;75;Paris;3.9;9.7;6.8
2019-09-16;65;Hautes-Pyrénées;16.0;27.9;21.95
2019-02-11;09;Ariège;1.8;10.9;6.35
2019-09-16;92;Hauts-de-Seine;12.0;25.8;18.9
2019-02-11;39;Jura;2.3;7.5;4.9
2019-09-16;25;Doubs;14.5;30.4;22.45
2019-02-11;34;Hérault;6.33;12.87;9.6
2019-09-16;21;Côte-d'Or;14.5;32.1;23.3
2019-02-11;31;Haute-Garonne;5.77;11.17;8.47
2019-09-17;70;Haute-Saône;8.0;23.5;15.75
2019-02-11;47;Lot-et-Garonne;3.1;12.7;7.9
2019-09-17;94;Val-de-Marne;15.9;22.8;19.35
2019-02-11;14;Calvados;4.39;8.04;6.22
2019-09-17;33;Gironde;15.87;29.57;22.72
2019-02-12;62;Pas-de-Calais;3.4;8.75;6.07
2019-09-17;36;Indre;11.5;27.6;19.55
2019-02-12;86;Vienne;-2.6;11.8;4.6
2019-09-17;57;Moselle;15.5;21.2;18.35
2019-02-12;81;Tarn;-1.8;12.1;5.15
2019-09-17;73;Savoie;13.0;30.55;21.78
2019-02-12;09;Ariège;-1.1;13.1;6.0
2019-09-17;60;Oise;14.65;21.8;18.23
2019-02-12;38;Isère;-0.5;6.95;3.22
2019-09-17;16;Charente;18.1;31.1;24.6
2019-02-12;63;Puy-de-Dôme;-0.1;7.5;3.7
2019-09-17;74;Haute-Savoie;14.37;26.34;20.36
2019-02-12;10;Aube;-4.3;5.3;0.5
2019-09-17;55;Meuse;13.47;21.43;17.45
2019-02-12;05;Hautes-Alpes;-4.9;6.8;0.95
2019-09-17;11;Aude;17.7;29.3;23.5
2019-02-12;2B;Haute-Corse;6.87;16.27;11.57
2019-09-17;14;Calvados;15.39;18.99;17.19
2019-02-12;45;Loiret;-2.8;9.2;3.2
2019-09-17;34;Hérault;17.17;29.3;23.23
2019-02-12;40;Landes;0.63;13.6;7.12
2019-09-17;93;Seine-Saint-Denis;15.9;21.9;18.9
2019-02-12;66;Pyrénées-Orientales;7.85;15.95;11.9
2019-09-17;06;Alpes-Maritimes;19.62;25.41;22.51
2019-02-12;47;Lot-et-Garonne;-0.6;12.9;6.15
2019-09-17;23;Creuse;9.0;28.4;18.7
2019-02-12;42;Loire;0.45;7.65;4.05
2019-09-17;13;Bouches-du-Rhône;17.43;27.62;22.52
2019-02-12;16;Charente;-0.9;12.5;5.8
2019-09-17;78;Yvelines;14.4;21.93;18.17
2019-02-12;85;Vendée;1.95;12.1;7.02
2019-09-17;77;Seine-et-Marne;13.8;22.8;18.3
2019-02-12;78;Yvelines;-1.87;8.53;3.33
2019-09-17;43;Haute-Loire;11.1;27.2;19.15
2019-02-12;61;Orne;-2.5;10.8;4.15
2019-09-17;31;Haute-Garonne;17.3;32.3;24.8
2019-02-12;70;Haute-Saône;0.1;5.1;2.6
2019-09-17;29;Finistère;14.67;19.85;17.26
2019-02-12;77;Seine-et-Marne;-1.5;7.0;2.75
2019-09-18;18;Cher;12.15;22.85;17.5
2019-02-12;79;Deux-Sèvres;0.2;12.6;6.4
2019-09-18;03;Allier;14.1;25.3;19.7
2019-02-12;68;Haut-Rhin;-0.2;7.15;3.47
2019-09-18;48;Lozère;13.2;29.5;21.35
2019-02-12;15;Cantal;-3.6;9.6;3.0
2019-09-18;82;Tarn-et-Garonne;18.2;31.0;24.6
2019-02-12;37;Indre-et-Loire;-1.0;11.0;5.0
2019-09-18;27;Eure;7.5;19.7;13.6
2019-02-12;33;Gironde;1.17;13.13;7.15
2019-09-18;57;Moselle;7.0;19.6;13.3
2019-02-12;92;Hauts-de-Seine;-1.4;8.0;3.3
2019-09-18;17;Charente-Maritime;15.5;23.38;19.44
2019-02-13;40;Landes;-0.7;15.97;7.63
2019-09-18;53;Mayenne;10.1;21.9;16.0
2019-02-13;36;Indre;-1.2;10.1;4.45
2019-09-18;38;Isère;11.85;24.0;17.92
2019-02-13;06;Alpes-Maritimes;5.93;14.26;10.1
2019-09-18;84;Vaucluse;17.77;31.3;24.53
2019-02-13;58;Nièvre;-6.0;11.3;2.65
2019-09-18;78;Yvelines;9.63;18.93;14.28
2019-02-13;13;Bouches-du-Rhône;1.94;15.19;8.57
2019-09-18;23;Creuse;10.1;23.3;16.7
2019-02-13;56;Morbihan;4.53;11.17;7.85
2019-09-18;16;Charente;16.1;26.4;21.25
2019-02-13;90;TerritoiredeBelfort;-2.7;9.1;3.2
2019-09-18;74;Haute-Savoie;13.46;20.87;17.16
2019-02-13;70;Haute-Saône;-4.8;11.9;3.55
2019-09-18;67;Bas-Rhin;9.4;19.8;14.6
2019-02-13;54;Meurthe-et-Moselle;-4.15;7.25;1.55
2019-09-18;41;Loir-et-Cher;10.8;21.85;16.32
2019-02-13;18;Cher;-1.85;10.25;4.2
2019-09-18;14;Calvados;10.6;17.87;14.24
2019-02-13;42;Loire;-4.65;10.5;2.92
2019-09-18;72;Sarthe;10.7;21.6;16.15
2019-02-13;04;Alpes-de-Haute-Provence;2.1;15.7;8.9
2019-09-18;46;Lot;13.4;31.2;22.3
2019-02-13;2A;Corse-du-Sud;3.55;14.75;9.15
2019-09-19;10;Aube;10.0;20.5;15.25
2019-02-13;49;Maine-et-Loire;-0.8;11.6;5.4
2019-09-19;76;Seine-Maritime;9.65;19.35;14.5
2019-02-13;52;Haute-Marne;-2.75;9.1;3.18
2019-09-19;51;Marne;6.25;19.2;12.72
2019-02-13;24;Dordogne;-4.25;14.5;5.12
2019-09-19;68;Haut-Rhin;6.1;19.7;12.9
2019-02-13;19;Corrèze;-3.5;16.9;6.7
2019-09-19;45;Loiret;8.9;21.0;14.95
2019-02-13;64;Pyrénées-Atlantiques;0.17;16.37;8.27
2019-09-19;12;Aveyron;13.15;25.7;19.42
2019-02-13;60;Oise;-2.25;8.7;3.22
2019-09-19;62;Pas-de-Calais;9.3;18.75;14.02
2019-02-13;83;Var;4.68;14.56;9.62
2019-09-19;88;Vosges;6.1;19.93;13.02
2019-02-13;85;Vendée;1.35;12.45;6.9
2019-09-19;63;Puy-de-Dôme;9.5;23.2;16.35
2019-02-13;62;Pas-de-Calais;1.55;8.85;5.2
2019-09-19;30;Gard;15.77;24.83;20.3
2019-02-13;03;Allier;-5.1;10.8;2.85
2019-09-19;52;Haute-Marne;7.95;19.5;13.72
2019-02-13;66;Pyrénées-Orientales;3.35;12.3;7.83
2019-09-19;80;Somme;6.6;19.4;13.0
2019-02-13;89;Yonne;-2.7;10.9;4.1
2019-09-19;36;Indre;9.6;23.1;16.35
2019-02-13;63;Puy-de-Dôme;-4.3;12.5;4.1
2019-09-19;44;Loire-Atlantique;12.23;22.49;17.36
2019-02-13;87;Haute-Vienne;1.2;13.9;7.55
2019-09-20;63;Puy-de-Dôme;6.3;28.3;17.3
2019-02-13;05;Hautes-Alpes;-2.7;16.1;6.7
2019-09-20;43;Haute-Loire;2.2;23.3;12.75
2019-02-13;68;Haut-Rhin;-4.5;9.4;2.45
2019-09-20;47;Lot-et-Garonne;13.4;31.0;22.2
2019-02-14;27;Eure;-1.8;12.8;5.5
2019-09-20;34;Hérault;16.03;25.03;20.53
2019-02-14;05;Hautes-Alpes;-1.8;15.2;6.7
2019-09-20;35;Ille-et-Vilaine;10.0;25.3;17.65
2019-02-14;16;Charente;1.7;16.1;8.9
2019-09-20;84;Vaucluse;13.53;29.5;21.52
2019-02-14;47;Lot-et-Garonne;1.2;16.2;8.7
2019-09-20;28;Eure-et-Loir;6.6;23.9;15.25
2019-02-14;55;Meuse;-3.47;13.3;4.92
2019-09-20;08;Ardennes;1.9;22.6;12.25
2019-02-14;37;Indre-et-Loire;-0.1;14.2;7.05
2019-09-20;53;Mayenne;10.2;25.0;17.6
2019-02-14;73;Savoie;-3.8;13.9;5.05
2019-09-20;02;Aisne;6.2;22.6;14.4
2019-02-14;49;Maine-et-Loire;-0.9;14.8;6.95
2019-09-20;30;Gard;14.3;22.57;18.43
2019-02-14;17;Charente-Maritime;4.33;13.74;9.04
2019-09-20;57;Moselle;6.0;21.0;13.5
2019-02-14;29;Finistère;4.57;12.13;8.35
2019-09-20;68;Haut-Rhin;4.05;21.05;12.55
2019-02-14;68;Haut-Rhin;-3.6;13.0;4.7
2019-09-20;21;Côte-d'Or;9.0;23.7;16.35
2019-02-14;89;Yonne;-2.3;15.9;6.8
2019-09-20;11;Aude;17.7;23.7;20.7
2019-02-14;14;Calvados;-0.02;12.95;6.46
2019-09-20;40;Landes;14.47;32.2;23.33
2019-02-14;94;Val-de-Marne;-1.5;13.1;5.8
2019-09-20;56;Morbihan;12.2;24.57;18.38
2019-02-14;32;Gers;1.0;16.0;8.5
2019-09-20;41;Loir-et-Cher;8.25;26.05;17.15
2019-02-14;24;Dordogne;-3.35;16.7;6.68
2019-09-20;19;Corrèze;9.2;31.1;20.15
2019-02-14;38;Isère;-2.85;13.4;5.28
2019-09-20;37;Indre-et-Loire;8.8;25.8;17.3
2019-02-14;01;Ain;-3.5;16.4;6.45
2019-09-20;33;Gironde;14.97;32.27;23.62
2019-02-14;18;Cher;-1.05;14.95;6.95
2019-09-21;46;Lot;18.7;26.9;22.8
2019-02-14;04;Alpes-de-Haute-Provence;-1.9;17.6;7.85
2019-09-21;2A;Corse-du-Sud;19.42;27.07;23.25
2019-02-14;36;Indre;-1.1;12.5;5.7
2019-09-21;19;Corrèze;18.2;28.9;23.55
2019-02-14;66;Pyrénées-Orientales;5.05;14.7;9.88
2019-09-21;18;Cher;13.8;30.2;22.0
2019-02-14;62;Pas-de-Calais;1.6;12.15;6.88
2019-09-21;13;Bouches-du-Rhône;17.5;22.41;19.96
2019-02-15;32;Gers;3.8;17.2;10.5
2019-09-21;83;Var;17.64;21.67;19.65
2019-02-15;13;Bouches-du-Rhône;1.7;15.44;8.57
2019-09-21;33;Gironde;18.53;28.33;23.43
2019-02-15;54;Meurthe-et-Moselle;-2.75;14.3;5.78
2019-09-21;08;Ardennes;5.3;26.0;15.65
2019-02-15;92;Hauts-de-Seine;2.2;14.6;8.4
2019-09-21;10;Aube;7.3;29.6;18.45
2019-02-15;58;Nièvre;-3.1;17.3;7.1
2019-09-21;91;Essonne;11.1;28.6;19.85
2019-02-15;95;Val-d'Oise;1.0;15.8;8.4
2019-09-21;77;Seine-et-Marne;9.9;28.4;19.15
2019-02-15;65;Hautes-Pyrénées;0.3;19.1;9.7
2019-09-21;30;Gard;14.23;18.53;16.38
2019-02-15;23;Creuse;-3.9;20.1;8.1
2019-09-21;56;Morbihan;17.87;20.57;19.22
2019-02-15;78;Yvelines;1.2;14.7;7.95
2019-09-21;95;Val-d'Oise;9.6;27.8;18.7
2019-02-15;52;Haute-Marne;1.4;17.1;9.25
2019-09-21;60;Oise;6.6;27.6;17.1
2019-02-15;24;Dordogne;-2.8;17.7;7.45
2019-09-21;22;Côtes-d'Armor;15.57;25.63;20.6
2019-02-15;22;Côtes-d'Armor;4.4;17.73;11.07
2019-09-21;17;Charente-Maritime;18.73;24.88;21.81
2019-02-15;51;Marne;-0.7;15.0;7.15
2019-09-21;94;Val-de-Marne;11.1;28.6;19.85
2019-02-15;28;Eure-et-Loir;-3.2;15.7;6.25
2019-09-21;65;Hautes-Pyrénées;13.6;27.8;20.7
2019-02-15;16;Charente;2.5;17.2;9.85
2019-09-21;49;Maine-et-Loire;12.6;29.4;21.0
2019-02-15;33;Gironde;3.53;18.9;11.22
2019-09-22;28;Eure-et-Loir;15.55;19.6;17.58
2019-02-15;02;Aisne;2.0;13.4;7.7
2019-09-22;50;Manche;15.89;19.21;17.55
2019-02-15;37;Indre-et-Loire;0.8;16.8;8.8
2019-09-22;76;Seine-Maritime;16.12;21.28;18.7
2019-02-15;41;Loir-et-Cher;-2.65;16.35;6.85
2019-09-22;17;Charente-Maritime;16.59;20.04;18.32
2019-02-15;94;Val-de-Marne;-0.6;16.7;8.05
2019-09-22;05;Hautes-Alpes;12.2;17.8;15.0
2019-02-16;42;Loire;-1.2;19.6;9.2
2019-09-22;93;Seine-Saint-Denis;16.4;22.4;19.4
2019-02-16;93;Seine-Saint-Denis;0.4;16.1;8.25
2019-09-22;89;Yonne;15.2;23.6;19.4
2019-02-16;38;Isère;-1.8;18.05;8.12
2019-09-22;36;Indre;15.2;20.4;17.8
2019-02-16;72;Sarthe;-1.6;17.0;7.7
2019-09-22;10;Aube;12.0;25.5;18.75
2019-02-16;06;Alpes-Maritimes;7.49;16.75;12.12
2019-09-22;47;Lot-et-Garonne;15.5;20.6;18.05
2019-02-16;09;Ariège;-0.1;19.3;9.6
2019-09-22;95;Val-d'Oise;16.0;22.1;19.05
2019-02-16;45;Loiret;-1.0;16.5;7.75
2019-09-22;08;Ardennes;13.2;26.1;19.65
2019-02-16;47;Lot-et-Garonne;1.7;16.6;9.15
2019-09-22;23;Creuse;14.1;20.7;17.4
2019-02-16;40;Landes;1.3;20.07;10.68
2019-09-22;84;Vaucluse;17.4;26.03;21.72
2019-02-16;89;Yonne;-1.6;17.7;8.05
2019-09-22;54;Meurthe-et-Moselle;11.7;28.0;19.85
2019-02-16;90;TerritoiredeBelfort;-0.75;18.0;8.62
2019-09-23;82;Tarn-et-Garonne;11.0;22.9;16.95
2019-02-16;15;Cantal;1.5;18.0;9.75
2019-09-23;94;Val-de-Marne;13.4;22.3;17.85
2019-02-16;44;Loire-Atlantique;2.95;13.95;8.45
2019-09-23;31;Haute-Garonne;10.5;24.6;17.55
2019-02-16;2B;Haute-Corse;7.12;15.46;11.29
2019-09-23;34;Hérault;13.4;26.07;19.73
2019-02-16;63;Puy-de-Dôme;0.8;21.3;11.05
2019-09-23;11;Aude;14.3;24.85;19.58
2019-02-16;19;Corrèze;-2.9;21.0;9.05
2019-09-23;72;Sarthe;12.8;22.0;17.4
2019-02-16;78;Yvelines;0.37;15.47;7.92
2019-09-23;09;Ariège;9.4;25.0;17.2
2019-02-17;76;Seine-Maritime;6.7;15.45;11.08
2019-09-23;27;Eure;10.4;21.8;16.1
2019-02-17;30;Gard;3.27;11.73;7.5
2019-09-23;23;Creuse;7.7;20.2;13.95
2019-02-17;04;Alpes-de-Haute-Provence;-1.7;16.1;7.2
2019-09-23;90;TerritoiredeBelfort;13.0;19.5;16.25
2019-02-17;44;Loire-Atlantique;6.23;14.12;10.18
2019-09-23;2A;Corse-du-Sud;20.44;24.95;22.7
2019-02-17;86;Vienne;4.7;17.6;11.15
2019-09-23;56;Morbihan;14.53;17.23;15.88
2019-02-17;49;Maine-et-Loire;3.8;17.1;10.45
2019-09-23;65;Hautes-Pyrénées;10.5;24.6;17.55
2019-02-17;38;Isère;-2.0;16.1;7.05
2019-09-23;41;Loir-et-Cher;11.4;21.75;16.58
2019-02-17;62;Pas-de-Calais;5.5;15.15;10.32
2019-09-23;49;Maine-et-Loire;12.5;20.6;16.55
2019-02-17;07;Ardèche;-2.3;14.6;6.15
2019-09-23;40;Landes;12.17;24.1;18.13
2019-02-17;25;Doubs;-0.9;19.1;9.1
2019-09-23;71;Saône-et-Loire;10.8;21.95;16.38
2019-02-17;29;Finistère;8.45;12.31;10.38
2019-09-23;80;Somme;12.2;21.5;16.85
2019-02-17;68;Haut-Rhin;-1.35;19.45;9.05
2019-09-23;30;Gard;10.77;21.43;16.1
2019-02-17;47;Lot-et-Garonne;3.5;17.6;10.55
2019-09-23;78;Yvelines;13.03;21.3;17.17
2019-02-17;73;Savoie;-2.8;15.3;6.25
2019-09-23;92;Hauts-de-Seine;13.0;20.5;16.75
2019-02-17;85;Vendée;6.45;14.65;10.55
2019-09-24;18;Cher;13.8;21.7;17.75
2019-02-17;05;Hautes-Alpes;1.2;16.3;8.75
2019-09-24;34;Hérault;14.8;24.43;19.62
2019-02-17;56;Morbihan;7.07;13.5;10.28
2019-09-24;03;Allier;11.0;22.2;16.6
2019-02-17;70;Haute-Saône;-3.1;18.6;7.75
2019-09-24;38;Isère;8.7;17.85;13.28
2019-02-17;21;Côte-d'Or;-3.4;16.8;6.7
2019-09-24;86;Vienne;14.3;22.1;18.2
2019-02-17;82;Tarn-et-Garonne;-1.8;18.8;8.5
2019-09-24;89;Yonne;13.8;19.8;16.8
2019-02-17;13;Bouches-du-Rhône;3.26;14.18;8.72
2019-09-24;91;Essonne;14.8;20.5;17.65
2019-02-17;06;Alpes-Maritimes;6.09;14.15;10.12
2019-09-24;52;Haute-Marne;11.0;17.0;14.0
2019-02-18;15;Cantal;4.4;13.0;8.7
2019-09-24;90;TerritoiredeBelfort;8.15;17.4;12.77
2019-02-18;65;Hautes-Pyrénées;-0.1;17.1;8.5
2019-09-24;39;Jura;8.9;19.0;13.95
2019-02-18;82;Tarn-et-Garonne;-0.5;17.7;8.6
2019-09-24;37;Indre-et-Loire;14.3;21.8;18.05
2019-02-18;60;Oise;-0.35;14.85;7.25
2019-09-24;27;Eure;14.5;20.6;17.55
2019-02-18;57;Moselle;3.8;14.5;9.15
2019-09-24;83;Var;15.77;25.72;20.75
2019-02-18;29;Finistère;8.29;10.79;9.54
2019-09-24;88;Vosges;7.5;17.73;12.62
2019-02-18;95;Val-d'Oise;1.13;15.2;8.17
2019-09-24;11;Aude;13.5;25.15;19.32
2019-02-18;80;Somme;2.9;14.85;8.88
2019-09-24;78;Yvelines;14.7;20.53;17.62
2019-02-18;70;Haute-Saône;-3.2;16.0;6.4
2019-09-24;2A;Corse-du-Sud;19.03;24.91;21.97
2019-02-18;26;Drôme;1.6;14.8;8.2
2019-09-24;71;Saône-et-Loire;9.1;21.15;15.12
2019-02-18;92;Hauts-de-Seine;3.85;12.18;8.01
2019-09-24;95;Val-d'Oise;15.13;20.03;17.58
2019-02-18;87;Haute-Vienne;4.5;15.5;10.0
2019-09-24;81;Tarn;12.2;23.4;17.8
2019-02-18;14;Calvados;4.73;11.69;8.21
2019-09-24;87;Haute-Vienne;13.0;19.3;16.15
2019-02-18;48;Lozère;2.5;7.5;5.0
2019-09-24;54;Meurthe-et-Moselle;9.3;17.2;13.25
2019-02-18;83;Var;5.18;13.99;9.58
2019-09-24;94;Val-de-Marne;14.8;20.5;17.65
2019-02-18;62;Pas-de-Calais;6.3;12.5;9.4
2019-09-25;63;Puy-de-Dôme;13.4;20.9;17.15
2019-02-18;11;Aude;10.2;14.05;12.12
2019-09-25;14;Calvados;13.68;17.91;15.8
2019-02-18;25;Doubs;-0.6;14.8;7.1
2019-09-25;76;Seine-Maritime;13.3;17.88;15.59
2019-02-18;63;Puy-de-Dôme;5.2;16.3;10.75
2019-09-25;12;Aveyron;11.65;17.55;14.6
2019-02-19;35;Ille-et-Vilaine;2.65;10.1;6.38
2019-09-25;78;Yvelines;12.63;18.97;15.8
2019-02-19;54;Meurthe-et-Moselle;4.15;10.6;7.38
2019-09-25;50;Manche;15.26;17.41;16.33
2019-02-19;65;Hautes-Pyrénées;1.7;13.6;7.65
2019-09-25;84;Vaucluse;14.97;26.17;20.57
2019-02-19;44;Loire-Atlantique;5.12;10.76;7.94
2019-09-25;92;Hauts-de-Seine;12.8;18.7;15.75
2019-02-19;12;Aveyron;0.7;12.55;6.62
2019-09-25;90;TerritoiredeBelfort;13.15;18.75;15.95
2019-02-19;05;Hautes-Alpes;0.0;14.1;7.05
2019-09-25;36;Indre;13.3;18.6;15.95
2019-02-19;56;Morbihan;2.63;11.13;6.88
2019-09-25;35;Ille-et-Vilaine;14.0;18.35;16.17
2019-02-19;78;Yvelines;5.08;10.52;7.8
2019-09-25;2A;Corse-du-Sud;20.58;25.39;22.98
2019-02-19;62;Pas-de-Calais;4.5;8.85;6.68
2019-09-25;55;Meuse;13.33;16.67;15.0
2019-02-19;81;Tarn;1.3;16.0;8.65
2019-09-26;80;Somme;14.15;19.7;16.92
2019-02-19;06;Alpes-Maritimes;6.25;12.87;9.56
2019-09-26;05;Hautes-Alpes;10.6;24.3;17.45
2019-02-19;18;Cher;5.4;12.1;8.75
2019-09-26;28;Eure-et-Loir;15.5;21.0;18.25
2019-02-19;25;Doubs;1.5;14.5;8.0
2019-09-26;56;Morbihan;15.7;17.57;16.63
2019-02-19;76;Seine-Maritime;4.88;10.73;7.8
2019-09-26;44;Loire-Atlantique;16.52;18.77;17.64
2019-02-19;73;Savoie;-3.2;14.2;5.5
2019-09-26;10;Aube;15.0;21.3;18.15
2019-02-19;28;Eure-et-Loir;2.9;10.65;6.78
2019-09-26;67;Bas-Rhin;14.1;20.4;17.25
2019-02-20;72;Sarthe;-0.7;15.1;7.2
2019-09-26;93;Seine-Saint-Denis;16.1;20.8;18.45
2019-02-20;57;Moselle;0.4;12.3;6.35
2019-09-26;92;Hauts-de-Seine;15.2;19.7;17.45
2019-02-20;95;Val-d'Oise;0.4;13.5;6.95
2019-09-26;75;Paris;16.1;21.6;18.85
2019-02-20;32;Gers;-2.2;16.8;7.3
2019-09-26;37;Indre-et-Loire;16.0;20.8;18.4
2019-02-20;52;Haute-Marne;1.2;13.95;7.57
2019-09-26;02;Aisne;13.9;20.0;16.95
2019-02-20;67;Bas-Rhin;-0.9;13.6;6.35
2019-09-26;72;Sarthe;16.4;20.6;18.5
2019-02-20;63;Puy-de-Dôme;1.9;16.4;9.15
2019-09-26;16;Charente;16.2;22.9;19.55
2019-02-20;18;Cher;-0.4;15.1;7.35
2019-09-26;69;Rhône;15.4;25.2;20.3
2019-02-20;04;Alpes-de-Haute-Provence;-2.8;14.1;5.65
2019-09-26;85;Vendée;16.1;19.9;18.0
2019-02-20;33;Gironde;3.37;16.87;10.12
2019-09-26;25;Doubs;13.8;18.2;16.0
2019-02-20;44;Loire-Atlantique;3.4;11.28;7.34
2019-09-26;79;Deux-Sèvres;15.9;21.2;18.55
2019-02-20;42;Loire;-1.65;15.75;7.05
2019-09-27;52;Haute-Marne;13.4;17.95;15.68
2019-02-20;88;Vosges;-1.17;14.23;6.53
2019-09-27;95;Val-d'Oise;13.37;20.5;16.93
2019-02-20;39;Jura;-1.5;14.8;6.65
2019-09-27;65;Hautes-Pyrénées;13.1;24.1;18.6
2019-02-20;47;Lot-et-Garonne;0.1;16.2;8.15
2019-09-27;41;Loir-et-Cher;14.4;20.55;17.48
2019-02-21;19;Corrèze;-1.2;19.6;9.2
2019-09-27;17;Charente-Maritime;16.85;19.11;17.98
2019-02-21;64;Pyrénées-Atlantiques;6.73;21.73;14.23
2019-09-27;75;Paris;13.7;20.4;17.05
2019-02-21;39;Jura;-2.2;16.2;7.0
2019-09-27;70;Haute-Saône;13.1;18.6;15.85
2019-02-21;87;Haute-Vienne;4.8;18.1;11.45
2019-09-27;09;Ariège;10.1;23.9;17.0
2019-02-21;45;Loiret;0.9;16.6;8.75
2019-09-27;21;Côte-d'Or;14.7;20.5;17.6
2019-02-21;06;Alpes-Maritimes;5.73;13.84;9.79
2019-09-27;15;Cantal;8.5;20.0;14.25
2019-02-21;67;Bas-Rhin;-1.4;16.6;7.6
2019-09-27;16;Charente;16.4;20.9;18.65
2019-02-21;13;Bouches-du-Rhône;3.36;13.66;8.51
2019-09-27;22;Côtes-d'Armor;13.77;18.97;16.37
2019-02-21;35;Ille-et-Vilaine;4.55;12.1;8.32
2019-09-27;06;Alpes-Maritimes;18.22;23.47;20.85
2019-02-21;68;Haut-Rhin;-0.1;18.45;9.18
2019-09-27;83;Var;17.37;25.51;21.44
2019-02-21;91;Essonne;1.9;16.7;9.3
2019-09-27;43;Haute-Loire;6.0;21.5;13.75
2019-02-21;37;Indre-et-Loire;2.3;16.2;9.25
2019-09-27;86;Vienne;15.2;21.2;18.2
2019-02-21;86;Vienne;1.2;18.2;9.7
2019-09-27;35;Ille-et-Vilaine;13.15;20.1;16.62
2019-02-21;75;Paris;4.1;16.4;10.25
2019-09-27;11;Aude;14.9;25.15;20.02
2019-02-21;33;Gironde;3.73;19.77;11.75
2019-09-27;46;Lot;12.6;23.2;17.9
2019-02-21;83;Var;4.02;14.74;9.38
2019-09-27;03;Allier;10.3;21.5;15.9
2019-02-21;28;Eure-et-Loir;-0.75;16.4;7.83
2019-09-27;10;Aube;13.8;21.8;17.8
2019-02-22;46;Lot;1.0;20.7;10.85
2019-09-28;41;Loir-et-Cher;12.75;20.4;16.58
2019-02-22;27;Eure;-1.0;16.0;7.5
2019-09-28;07;Ardèche;13.0;26.1;19.55
2019-02-22;75;Paris;5.2;18.1;11.65
2019-09-28;09;Ariège;14.7;22.7;18.7
2019-02-22;77;Seine-et-Marne;0.5;17.3;8.9
2019-09-28;85;Vendée;14.0;20.2;17.1
2019-02-22;05;Hautes-Alpes;-2.1;16.2;7.05
2019-09-28;2A;Corse-du-Sud;19.32;25.58;22.45
2019-02-22;02;Aisne;1.2;15.0;8.1
2019-09-28;40;Landes;16.93;23.4;20.17
2019-02-22;70;Haute-Saône;-1.5;16.1;7.3
2019-09-28;49;Maine-et-Loire;13.7;21.0;17.35
2019-02-22;78;Yvelines;1.2;16.57;8.88
2019-09-28;03;Allier;9.8;21.1;15.45
2019-02-22;2B;Haute-Corse;8.09;15.03;11.56
2019-09-28;01;Ain;12.3;21.8;17.05
2019-02-22;50;Manche;5.35;12.51;8.93
2019-09-28;28;Eure-et-Loir;12.75;20.05;16.4
2019-02-22;89;Yonne;0.4;17.4;8.9
2019-09-28;76;Seine-Maritime;13.42;18.7;16.06
2019-02-22;62;Pas-de-Calais;5.5;12.5;9.0
2019-09-28;57;Moselle;13.0;17.3;15.15
2019-02-22;30;Gard;4.77;17.0;10.88
2019-09-28;35;Ille-et-Vilaine;12.35;20.05;16.2
2019-02-22;35;Ille-et-Vilaine;1.3;18.1;9.7
2019-09-28;55;Meuse;13.3;17.97;15.63
2019-02-22;82;Tarn-et-Garonne;-0.6;20.4;9.9
2019-09-28;34;Hérault;16.57;26.13;21.35
2019-02-22;16;Charente;3.1;20.8;11.95
2019-09-28;82;Tarn-et-Garonne;14.3;24.3;19.3
2019-02-22;03;Allier;-2.9;16.8;6.95
2019-09-29;10;Aube;10.2;21.3;15.75
2019-02-22;68;Haut-Rhin;1.8;13.85;7.82
2019-09-29;15;Cantal;8.4;24.3;16.35
2019-02-22;69;Rhône;2.5;17.15;9.82
2019-09-29;03;Allier;7.2;27.3;17.25
2019-02-22;65;Hautes-Pyrénées;3.6;20.6;12.1
2019-09-29;30;Gard;9.9;23.73;16.82
2019-02-23;89;Yonne;1.9;16.1;9.0
2019-09-29;36;Indre;11.3;22.4;16.85
2019-02-23;93;Seine-Saint-Denis;4.2;16.1;10.15
2019-09-29;45;Loiret;12.3;20.8;16.55
2019-02-23;34;Hérault;7.57;19.13;13.35
2019-09-29;53;Mayenne;13.8;19.7;16.75
2019-02-23;63;Puy-de-Dôme;1.3;13.1;7.2
2019-09-29;61;Orne;13.3;20.5;16.9
2019-02-23;23;Creuse;-0.9;15.9;7.5
2019-09-29;80;Somme;13.8;19.95;16.88
2019-02-23;22;Côtes-d'Armor;7.77;18.87;13.32
2019-09-29;14;Calvados;14.69;19.62;17.15
2019-02-23;10;Aube;1.9;15.9;8.9
2019-09-29;59;Nord;13.65;19.2;16.42
2019-02-23;68;Haut-Rhin;0.5;12.6;6.55
2019-09-29;66;Pyrénées-Orientales;14.85;25.1;19.98
2019-02-23;27;Eure;5.6;15.5;10.55
2019-09-29;41;Loir-et-Cher;10.0;21.05;15.52
2019-02-23;08;Ardennes;-2.7;14.8;6.05
2019-09-29;77;Seine-et-Marne;12.7;20.4;16.55
2019-02-23;15;Cantal;0.2;18.8;9.5
2019-09-29;73;Savoie;7.05;26.7;16.88
2019-02-23;92;Hauts-de-Seine;6.1;15.3;10.7
2019-09-29;43;Haute-Loire;2.5;24.5;13.5
2019-02-23;78;Yvelines;5.63;15.57;10.6
2019-09-29;47;Lot-et-Garonne;11.1;30.2;20.65
2019-02-23;73;Savoie;2.3;14.5;8.4
2019-09-29;32;Gers;8.8;29.7;19.25
2019-02-23;79;Deux-Sèvres;5.7;18.2;11.95
2019-09-29;27;Eure;14.2;21.5;17.85
2019-02-23;61;Orne;3.0;16.3;9.65
2019-09-29;87;Haute-Vienne;11.0;21.8;16.4
2019-02-23;74;Haute-Savoie;1.83;11.55;6.69
2019-09-29;88;Vosges;9.0;23.7;16.35
2019-02-24;2B;Haute-Corse;6.59;13.41;10.0
2019-09-29;22;Côtes-d'Armor;14.53;18.6;16.57
2019-02-24;61;Orne;-0.6;16.3;7.85
2019-09-30;89;Yonne;12.5;21.1;16.8
2019-02-24;47;Lot-et-Garonne;7.5;18.0;12.75
2019-09-30;37;Indre-et-Loire;11.1;20.9;16.0
2019-02-24;13;Bouches-du-Rhône;5.52;14.93;10.23
2019-09-30;88;Vosges;12.1;19.97;16.03
2019-02-24;46;Lot;5.5;17.7;11.6
2019-09-30;60;Oise;12.8;19.3;16.05
2019-02-24;57;Moselle;-0.7;15.6;7.45
2019-09-30;63;Puy-de-Dôme;13.7;24.0;18.85
2019-02-24;14;Calvados;2.74;13.76;8.25
2019-09-30;41;Loir-et-Cher;10.5;20.35;15.42
2019-02-24;42;Loire;-1.7;16.25;7.28
2019-09-30;83;Var;19.62;26.77;23.19
2019-02-24;52;Haute-Marne;0.35;15.3;7.83
2019-09-30;94;Val-de-Marne;11.2;18.8;15.0
2019-02-24;31;Haute-Garonne;3.0;19.07;11.03
2019-09-30;04;Alpes-de-Haute-Provence;10.2;28.2;19.2
2019-02-24;07;Ardèche;5.7;15.5;10.6
2019-09-30;55;Meuse;12.33;18.17;15.25
2019-02-24;75;Paris;4.1;15.6;9.85
2019-09-30;08;Ardennes;11.3;17.7;14.5
2019-02-24;21;Côte-d'Or;-0.5;14.2;6.85
2019-09-30;82;Tarn-et-Garonne;18.6;25.8;22.2
2019-02-24;51;Marne;-1.6;14.5;6.45
2019-09-30;66;Pyrénées-Orientales;18.25;27.25;22.75
2019-02-24;63;Puy-de-Dôme;-1.6;16.9;7.65
2019-09-30;42;Loire;11.65;22.15;16.9
2019-02-24;23;Creuse;-3.1;17.9;7.4
2019-09-30;22;Côtes-d'Armor;12.37;19.27;15.82
2019-02-24;58;Nièvre;-4.1;16.7;6.3
2019-09-30;2A;Corse-du-Sud;20.16;25.54;22.85
2019-02-24;34;Hérault;9.77;15.37;12.57
2019-09-30;52;Haute-Marne;11.35;19.0;15.18
2019-02-24;89;Yonne;0.7;16.1;8.4
2019-09-30;38;Isère;12.35;23.5;17.92
2019-02-24;80;Somme;1.35;13.85;7.6
2019-09-30;93;Seine-Saint-Denis;12.4;19.2;15.8
2019-02-24;74;Haute-Savoie;0.62;12.71;6.66
2019-09-30;35;Ille-et-Vilaine;10.65;19.1;14.88
2019-02-24;32;Gers;4.1;19.4;11.75
2019-09-30;95;Val-d'Oise;12.23;19.3;15.77
2019-02-25;65;Hautes-Pyrénées;4.4;20.8;12.6
2019-10-01;30;Gard;12.1;23.77;17.93
2019-02-25;12;Aveyron;2.05;17.3;9.68
2019-10-01;54;Meurthe-et-Moselle;11.25;21.85;16.55
2019-02-25;70;Haute-Saône;-3.4;17.1;6.85
2019-10-01;71;Saône-et-Loire;9.45;23.15;16.3
2019-02-25;82;Tarn-et-Garonne;0.9;20.6;10.75
2019-10-01;24;Dordogne;10.9;21.3;16.1
2019-02-25;64;Pyrénées-Atlantiques;4.13;18.47;11.3
2019-10-01;77;Seine-et-Marne;13.9;20.3;17.1
2019-02-25;85;Vendée;3.25;16.4;9.82
2019-10-01;42;Loire;8.05;23.55;15.8
2019-02-25;84;Vaucluse;0.97;18.8;9.88
2019-10-01;66;Pyrénées-Orientales;16.65;24.5;20.58
2019-02-25;72;Sarthe;0.9;17.9;9.4
2019-10-01;83;Var;15.99;24.79;20.39
2019-02-25;05;Hautes-Alpes;1.0;18.0;9.5
2019-10-01;53;Mayenne;15.0;18.9;16.95
2019-02-25;31;Haute-Garonne;2.37;18.67;10.52
2019-10-01;34;Hérault;15.77;24.57;20.17
2019-02-25;46;Lot;3.7;20.2;11.95
2019-10-01;03;Allier;10.6;21.8;16.2
2019-02-25;77;Seine-et-Marne;1.9;16.9;9.4
2019-10-01;79;Deux-Sèvres;15.4;21.1;18.25
2019-02-25;2A;Corse-du-Sud;4.23;15.86;10.05
2019-10-01;2A;Corse-du-Sud;17.94;25.32;21.63
2019-02-25;73;Savoie;-1.8;16.6;7.4
2019-10-01;38;Isère;8.5;26.85;17.67
2019-02-25;06;Alpes-Maritimes;6.89;15.63;11.26
2019-10-01;60;Oise;14.65;21.05;17.85
2019-02-25;54;Meurthe-et-Moselle;1.3;18.1;9.7
2019-10-01;26;Drôme;12.5;27.3;19.9
2019-02-25;09;Ariège;2.6;20.5;11.55
2019-10-01;51;Marne;12.55;19.15;15.85
2019-02-25;79;Deux-Sèvres;3.2;18.1;10.65
2019-10-02;79;Deux-Sèvres;13.9;19.2;16.55
2019-02-25;86;Vienne;0.7;17.5;9.1
2019-10-02;34;Hérault;15.5;24.13;19.82
2019-02-25;37;Indre-et-Loire;2.9;16.1;9.5
2019-10-02;69;Rhône;13.4;18.9;16.15
2019-02-25;15;Cantal;0.2;18.1;9.15
2019-10-02;59;Nord;11.05;14.3;12.68
2019-02-25;01;Ain;-0.9;16.0;7.55
2019-10-02;17;Charente-Maritime;15.29;18.22;16.76
2019-02-25;53;Mayenne;1.6;16.6;9.1
2019-01-01;45;Loiret;6.0;7.7;6.85
2019-10-02;27;Eure;9.8;16.2;13.0
2019-02-25;60;Oise;-2.25;17.65;7.7
2019-01-01;01;Ain;4.9;6.6;5.75
2019-10-02;62;Pas-de-Calais;10.1;13.35;11.72
2019-02-25;55;Meuse;-0.97;19.07;9.05
2019-01-01;36;Indre;6.0;7.4;6.7
2019-10-02;12;Aveyron;11.1;17.0;14.05
2019-02-26;71;Saône-et-Loire;-1.2;18.15;8.48
2019-01-01;06;Alpes-Maritimes;7.53;15.21;11.37
2019-10-02;67;Bas-Rhin;11.6;17.1;14.35
2019-02-26;25;Doubs;2.9;19.3;11.1
2019-01-01;77;Seine-et-Marne;6.5;8.0;7.25
2019-10-02;52;Haute-Marne;10.6;15.05;12.82
2019-02-26;60;Oise;-1.6;18.8;8.6
2019-01-01;32;Gers;1.0;4.7;2.85
2019-10-02;11;Aude;15.95;21.8;18.88
2019-02-26;27;Eure;1.3;17.7;9.5
2019-01-01;87;Haute-Vienne;3.2;6.6;4.9
2019-10-02;88;Vosges;10.2;17.43;13.82
2019-02-26;49;Maine-et-Loire;2.0;18.7;10.35
2019-01-01;83;Var;4.92;15.56;10.24
2019-10-02;93;Seine-Saint-Denis;11.3;16.8;14.05
2019-02-26;44;Loire-Atlantique;3.62;17.42;10.52
2019-01-01;19;Corrèze;-1.6;3.4;0.9
2019-10-02;33;Gironde;15.3;20.3;17.8
2019-02-26;50;Manche;7.47;13.34;10.41
2019-01-01;48;Lozère;-0.1;8.1;4.0
2019-10-02;31;Haute-Garonne;14.65;21.39;18.02
2019-02-26;86;Vienne;1.0;21.2;11.1
2019-01-01;61;Orne;6.8;8.2;7.5
2019-10-02;42;Loire;12.1;17.9;15.0
2019-02-26;92;Hauts-de-Seine;4.6;17.9;11.25
2019-01-01;09;Ariège;-3.8;8.2;2.2
2019-10-02;40;Landes;15.53;20.63;18.08
2019-02-26;77;Seine-et-Marne;2.4;17.8;10.1
2019-01-01;92;Hauts-de-Seine;6.2;7.6;6.9
2019-10-02;2B;Haute-Corse;18.36;25.99;22.17
2019-02-26;42;Loire;-0.9;20.05;9.57
2019-01-01;46;Lot;-0.2;3.5;1.65
2019-10-03;23;Creuse;3.9;17.4;10.65
2019-02-26;59;Nord;4.2;18.1;11.15
2019-01-01;84;Vaucluse;2.27;12.57;7.42
2019-10-03;61;Orne;1.6;15.1;8.35
2019-02-26;26;Drôme;5.3;18.3;11.8
2019-01-01;67;Bas-Rhin;4.3;7.1;5.7
2019-10-03;51;Marne;-0.2;13.0;6.4
2019-02-26;69;Rhône;1.2;17.3;9.25
2019-01-01;65;Hautes-Pyrénées;-3.7;3.0;-0.35
2019-10-03;29;Finistère;9.8;17.24;13.52
2019-02-26;22;Côtes-d'Armor;2.53;17.13;9.83
2019-01-01;12;Aveyron;-3.95;2.6;-0.68
2019-10-03;05;Hautes-Alpes;3.5;19.3;11.4
2019-02-26;21;Côte-d'Or;2.7;17.5;10.1
2019-01-01;75;Paris;7.6;8.8;8.2
2019-10-03;53;Mayenne;5.2;16.7;10.95
2019-02-26;87;Haute-Vienne;6.8;21.0;13.9
2019-01-01;41;Loir-et-Cher;6.2;7.6;6.9
2019-10-03;92;Hauts-de-Seine;3.1;12.6;7.85
2019-02-26;35;Ille-et-Vilaine;2.0;18.35;10.18
2019-01-01;70;Haute-Saône;4.6;5.7;5.15
2019-10-03;42;Loire;3.8;15.45;9.62
2019-02-26;17;Charente-Maritime;7.57;17.22;12.39
2019-01-02;48;Lozère;-2.2;2.8;0.3
2019-10-03;15;Cantal;4.4;15.3;9.85
2019-02-26;08;Ardennes;-4.4;19.9;7.75
2019-01-02;79;Deux-Sèvres;2.5;8.1;5.3
2019-10-03;2B;Haute-Corse;16.51;24.67;20.59
2019-02-27;34;Hérault;5.17;18.43;11.8
2019-01-02;34;Hérault;2.0;12.7;7.35
2019-10-03;01;Ain;3.5;15.6;9.55
2019-02-27;07;Ardèche;1.9;22.3;12.1
2019-01-02;18;Cher;2.7;6.55;4.62
2019-10-03;35;Ille-et-Vilaine;6.5;18.05;12.28
2019-02-27;79;Deux-Sèvres;4.0;24.3;14.15
2019-01-02;56;Morbihan;6.5;9.8;8.15
2019-10-03;04;Alpes-de-Haute-Provence;10.6;21.9;16.25
2019-02-27;89;Yonne;-1.2;20.2;9.5
2019-01-02;72;Sarthe;5.3;7.3;6.3
2019-10-03;58;Nièvre;1.2;16.2;8.7
2019-02-27;29;Finistère;7.66;16.16;11.91
2019-01-02;53;Mayenne;4.6;6.7;5.65
2019-10-03;70;Haute-Saône;1.5;15.4;8.45
2019-02-27;16;Charente;2.9;24.4;13.65
2019-01-02;61;Orne;4.3;6.3;5.3
2019-10-03;94;Val-de-Marne;3.1;13.8;8.45
2019-02-27;68;Haut-Rhin;-1.95;19.6;8.82
