2021-01-01;45;Loiret;-3.6;2.1;-0.75
2021-04-09;41;Loir-et-Cher;-0.3;18.85;9.27
2021-04-09;62;Pas-de-Calais;2.4;10.75;6.58
2021-04-09;72;Sarthe;0.8;18.1;9.45
2021-04-09;65;Hautes-Pyrénées;5.9;18.8;12.35
2021-04-09;17;Charente-Maritime;9.24;14.86;12.05
2021-04-09;66;Pyrénées-Orientales;7.35;17.1;12.22
2021-04-09;75;Paris;3.7;16.9;10.3
2021-04-09;77;Seine-et-Marne;0.2;18.6;9.4
2021-04-10;66;Pyrénées-Orientales;8.85;14.05;11.45
2021-04-10;32;Gers;5.4;19.3;12.35
2021-04-10;44;Loire-Atlantique;9.28;13.37;11.33
2021-04-10;94;Val-de-Marne;7.7;14.9;11.3
2021-04-10;16;Charente;10.4;17.9;14.15
2021-04-10;01;Ain;8.2;15.4;11.8
2021-04-10;75;Paris;7.8;14.9;11.35
2021-04-10;84;Vaucluse;9.3;15.03;12.17
2021-04-10;07;Ardèche;6.9;11.7;9.3
2021-04-10;30;Gard;6.07;10.2;8.13
2021-04-10;64;Pyrénées-Atlantiques;11.43;21.5;16.47
2021-04-10;25;Doubs;7.5;17.2;12.35
2021-04-10;12;Aveyron;5.65;10.7;8.18
2021-04-10;2A;Corse-du-Sud;10.62;16.85;13.73
2021-04-10;49;Maine-et-Loire;9.7;15.3;12.5
2021-04-10;43;Haute-Loire;4.6;10.2;7.4
2021-04-10;14;Calvados;5.63;7.31;6.47
2021-04-11;53;Mayenne;3.8;9.2;6.5
2021-04-11;46;Lot;7.4;10.5;8.95
2021-04-11;84;Vaucluse;5.23;15.9;10.57
2021-04-11;83;Var;10.13;14.11;12.12
2021-04-11;89;Yonne;4.9;9.7;7.3
2021-04-11;48;Lozère;5.3;8.8;7.05
2021-04-11;03;Allier;5.4;11.4;8.4
2021-04-11;79;Deux-Sèvres;7.0;12.0;9.5
2021-04-11;58;Nièvre;5.1;11.1;8.1
2021-04-11;39;Jura;6.4;13.7;10.05
2021-04-11;94;Val-de-Marne;4.3;8.3;6.3
2021-04-11;28;Eure-et-Loir;4.4;8.35;6.38
2021-04-11;23;Creuse;4.3;9.9;7.1
2021-04-11;41;Loir-et-Cher;5.35;8.1;6.72
2021-04-11;26;Drôme;9.4;15.1;12.25
2021-04-11;92;Hauts-de-Seine;3.2;7.1;5.15
2021-04-11;60;Oise;3.8;8.25;6.02
2021-04-11;59;Nord;4.1;8.25;6.18
2021-04-11;54;Meurthe-et-Moselle;3.5;10.65;7.08
2021-04-11;09;Ariège;3.2;10.7;6.95
2021-04-11;81;Tarn;7.2;14.5;10.85
2021-04-11;38;Isère;3.2;19.65;11.42
2021-04-11;82;Tarn-et-Garonne;9.4;12.1;10.75
2021-04-12;40;Landes;1.7;14.23;7.97
2021-04-12;92;Hauts-de-Seine;-1.2;10.7;4.75
2021-04-12;02;Aisne;-1.4;8.6;3.6
2021-04-12;89;Yonne;-0.2;10.9;5.35
2021-04-12;55;Meuse;-2.0;9.33;3.67
2021-04-12;39;Jura;3.5;10.3;6.9
2021-04-12;05;Hautes-Alpes;1.9;9.8;5.85
2021-04-12;73;Savoie;3.15;8.35;5.75
2021-04-12;31;Haute-Garonne;3.33;13.6;8.47
2021-04-12;30;Gard;0.97;8.57;4.77
2021-04-12;75;Paris;2.3;12.1;7.2
2021-04-12;29;Finistère;3.25;11.26;7.26
2021-04-12;12;Aveyron;-0.9;9.05;4.08
2021-04-12;64;Pyrénées-Atlantiques;4.83;12.73;8.78
2021-04-12;94;Val-de-Marne;-0.1;12.2;6.05
2021-04-12;72;Sarthe;-2.3;13.0;5.35
2021-04-13;78;Yvelines;0.6;10.13;5.37
2021-04-13;10;Aube;2.2;10.6;6.4
2021-04-13;44;Loire-Atlantique;2.04;12.34;7.19
2021-04-13;94;Val-de-Marne;1.9;11.0;6.45
2021-04-13;27;Eure;-2.5;10.5;4.0
2021-04-13;56;Morbihan;3.63;13.67;8.65
2021-04-13;77;Seine-et-Marne;0.7;11.5;6.1
2021-04-13;76;Seine-Maritime;0.12;9.9;5.01
2021-04-13;79;Deux-Sèvres;1.0;12.4;6.7
2021-04-13;69;Rhône;1.0;12.45;6.72
2021-04-13;14;Calvados;-0.83;9.75;4.46
2021-04-13;60;Oise;-2.8;10.5;3.85
2021-04-13;26;Drôme;4.3;14.0;9.15
2021-04-13;65;Hautes-Pyrénées;-1.0;14.3;6.65
2021-04-13;05;Hautes-Alpes;-2.1;12.7;5.3
2021-04-13;46;Lot;-1.9;15.4;6.75
2021-04-13;83;Var;7.38;16.09;11.73
2021-04-13;52;Haute-Marne;1.75;9.65;5.7
2021-04-13;47;Lot-et-Garonne;-2.1;16.5;7.2
2021-04-13;72;Sarthe;1.8;12.1;6.95
2021-04-13;21;Côte-d'Or;0.9;10.5;5.7
2021-04-13;87;Haute-Vienne;0.6;11.2;5.9
2021-04-13;85;Vendée;2.65;13.0;7.82
2021-04-13;86;Vienne;-0.5;11.1;5.3
2021-04-13;06;Alpes-Maritimes;7.55;15.35;11.45
2021-04-13;2B;Haute-Corse;9.13;17.04;13.09
2021-04-13;90;Territoire de Belfort;-1.1;8.05;3.48
2021-04-14;45;Loiret;-2.0;12.1;5.05
2021-04-14;46;Lot;-0.9;15.9;7.5
2021-04-14;53;Mayenne;-0.2;12.7;6.25
2021-04-14;86;Vienne;-0.3;12.9;6.3
2021-04-14;81;Tarn;0.9;17.8;9.35
2021-04-14;54;Meurthe-et-Moselle;-2.35;9.5;3.58
2021-04-14;70;Haute-Saône;-4.3;10.6;3.15
2021-04-14;64;Pyrénées-Atlantiques;2.63;15.77;9.2
2021-04-14;80;Somme;0.2;10.55;5.38
2021-04-14;89;Yonne;-1.9;10.8;4.45
2021-04-14;93;Seine-Saint-Denis;0.6;11.3;5.95
2021-04-14;19;Corrèze;-0.4;16.3;7.95
2021-04-14;10;Aube;-2.0;10.8;4.4
2021-04-14;28;Eure-et-Loir;-0.35;11.9;5.78
2021-04-14;21;Côte-d'Or;0.1;11.4;5.75
2021-04-14;05;Hautes-Alpes;-1.8;12.6;5.4
2021-04-14;18;Cher;1.4;11.65;6.52
2021-04-14;12;Aveyron;-2.55;14.35;5.9
2021-04-15;37;Indre-et-Loire;1.5;11.5;6.5
2021-04-15;57;Moselle;-2.3;9.8;3.75
2021-04-15;91;Essonne;2.3;11.1;6.7
2021-04-15;2B;Haute-Corse;7.89;15.51;11.7
2021-04-15;78;Yvelines;1.27;10.1;5.68
2021-04-15;26;Drôme;4.3;13.6;8.95
2021-04-15;11;Aude;5.15;16.2;10.68
2021-04-15;63;Puy-de-Dôme;-4.0;11.3;3.65
2021-04-15;94;Val-de-Marne;2.3;11.1;6.7
2021-04-15;10;Aube;-2.7;10.9;4.1
2021-04-15;75;Paris;2.8;11.8;7.3
2021-04-15;33;Gironde;4.33;16.13;10.23
2021-04-15;54;Meurthe-et-Moselle;-2.7;9.85;3.58
2021-04-15;19;Corrèze;0.4;15.3;7.85
2021-04-15;40;Landes;2.47;17.53;10.0
2021-04-15;74;Haute-Savoie;-3.05;7.02;1.98
2021-04-15;44;Loire-Atlantique;2.21;12.32;7.26
2021-04-15;55;Meuse;-2.7;10.07;3.68
2021-04-15;68;Haut-Rhin;-0.8;10.2;4.7
2021-04-15;07;Ardèche;1.9;14.7;8.3
2021-04-15;42;Loire;-4.1;10.5;3.2
2021-04-16;90;Territoire de Belfort;-1.35;10.35;4.5
2021-04-16;15;Cantal;-4.4;9.4;2.5
2021-04-16;39;Jura;0.2;11.8;6.0
2021-04-16;10;Aube;-1.8;10.2;4.2
2021-04-16;89;Yonne;-1.5;10.2;4.35
2021-04-16;74;Haute-Savoie;-1.8;7.32;2.76
2021-04-16;81;Tarn;1.2;14.4;7.8
2021-04-16;86;Vienne;0.0;12.0;6.0
2021-04-16;11;Aude;4.2;16.1;10.15
2021-04-16;50;Manche;5.12;9.46;7.29
2021-04-16;18;Cher;1.45;11.35;6.4
2021-04-16;08;Ardennes;-4.2;9.4;2.6
2021-04-16;60;Oise;-0.5;10.9;5.2
2021-04-16;2B;Haute-Corse;7.79;14.6;11.19
2021-04-16;46;Lot;0.3;12.5;6.4
2021-04-16;78;Yvelines;1.13;9.7;5.42
2021-04-16;29;Finistère;3.62;11.57;7.6
2021-04-16;58;Nièvre;0.5;11.1;5.8
2021-04-16;92;Hauts-de-Seine;2.2;9.3;5.75
2021-04-16;32;Gers;-3.2;14.6;5.7
2021-04-16;09;Ariège;-1.3;12.2;5.45
2021-04-16;2A;Corse-du-Sud;8.53;15.24;11.89
2021-04-16;84;Vaucluse;3.47;14.93;9.2
2021-04-16;57;Moselle;-0.3;7.6;3.65
2021-04-16;59;Nord;4.25;10.35;7.3
2021-04-16;66;Pyrénées-Orientales;5.85;15.9;10.88
2021-04-17;18;Cher;5.1;13.1;9.1
2021-04-17;07;Ardèche;5.0;14.7;9.85
2021-04-17;05;Hautes-Alpes;0.8;12.9;6.85
2021-04-17;30;Gard;2.03;11.67;6.85
2021-04-17;87;Haute-Vienne;2.1;10.2;6.15
2021-04-17;04;Alpes-de-Haute-Provence;3.3;12.1;7.7
2021-04-17;88;Vosges;-1.57;13.5;5.97
2021-04-17;55;Meuse;0.83;13.8;7.32
2021-04-17;90;Territoire de Belfort;-1.7;11.2;4.75
2021-04-17;54;Meurthe-et-Moselle;-0.5;13.05;6.28
2021-04-17;95;Val-d'Oise;2.97;13.63;8.3
2021-04-17;63;Puy-de-Dôme;-2.4;12.8;5.2
2021-04-17;48;Lozère;-1.4;10.0;4.3
2021-04-17;28;Eure-et-Loir;3.6;13.65;8.62
2021-04-17;51;Marne;2.35;13.85;8.1
2021-04-18;12;Aveyron;1.35;13.5;7.42
2021-04-18;84;Vaucluse;3.93;17.2;10.57
2021-04-18;44;Loire-Atlantique;1.81;14.25;8.03
2021-04-18;66;Pyrénées-Orientales;10.1;17.55;13.82
2021-04-18;33;Gironde;5.43;16.7;11.07
2021-04-18;08;Ardennes;2.0;15.2;8.6
2021-04-18;13;Bouches-du-Rhône;4.36;16.21;10.29
2021-04-18;82;Tarn-et-Garonne;3.8;17.0;10.4
2021-04-18;45;Loiret;-0.4;14.6;7.1
2021-04-18;63;Puy-de-Dôme;3.0;12.4;7.7
2021-04-18;41;Loir-et-Cher;-2.6;15.4;6.4
2021-04-18;18;Cher;1.05;14.45;7.75
2021-04-18;48;Lozère;-0.2;10.0;4.9
2021-04-18;81;Tarn;1.9;16.0;8.95
2021-04-18;71;Saône-et-Loire;3.7;12.25;7.98
2021-04-18;31;Haute-Garonne;5.07;16.5;10.78
2021-04-18;70;Haute-Saône;5.5;12.4;8.95
2021-04-18;40;Landes;4.7;17.1;10.9
2021-04-18;09;Ariège;0.5;15.5;8.0
2021-04-18;61;Orne;0.8;13.7;7.25
2021-04-18;54;Meurthe-et-Moselle;4.9;12.5;8.7
2021-04-18;03;Allier;0.3;12.5;6.4
2021-04-18;90;Territoire de Belfort;4.5;9.95;7.22
2021-04-18;19;Corrèze;-0.5;16.9;8.2
2021-04-18;74;Haute-Savoie;-1.08;8.11;3.51
2021-04-18;05;Hautes-Alpes;-1.7;12.8;5.55
2021-04-18;21;Côte-d'Or;4.0;11.8;7.9
2021-04-18;07;Ardèche;7.0;17.1;12.05
2021-04-19;72;Sarthe;1.9;18.7;10.3
2021-04-19;68;Haut-Rhin;0.85;13.2;7.02
2021-04-19;89;Yonne;3.4;17.0;10.2
2021-04-19;90;Territoire de Belfort;0.1;13.2;6.65
2021-04-19;62;Pas-de-Calais;2.3;11.5;6.9
2021-04-19;14;Calvados;0.79;13.96;7.38
2021-04-19;63;Puy-de-Dôme;2.4;16.7;9.55
2021-04-19;65;Hautes-Pyrénées;1.4;18.7;10.05
2021-04-19;32;Gers;1.5;19.9;10.7
2021-04-19;11;Aude;6.5;18.65;12.58
2021-04-19;07;Ardèche;4.9;19.0;11.95
2021-04-19;42;Loire;2.0;14.83;8.42
2021-04-19;46;Lot;1.3;18.9;10.1
2021-04-19;93;Seine-Saint-Denis;2.4;16.5;9.45
2021-04-19;09;Ariège;0.4;18.2;9.3
2021-04-19;35;Ille-et-Vilaine;1.15;17.05;9.1
2021-04-19;58;Nièvre;-0.3;17.0;8.35
2021-04-20;40;Landes;9.23;19.2;14.22
2021-04-20;41;Loir-et-Cher;6.25;18.9;12.58
2021-04-20;49;Maine-et-Loire;7.0;19.2;13.1
2021-04-20;33;Gironde;7.97;18.63;13.3
2021-04-20;75;Paris;8.3;19.6;13.95
2021-04-20;46;Lot;6.2;19.0;12.6
2021-04-20;66;Pyrénées-Orientales;8.8;18.45;13.62
2021-04-20;84;Vaucluse;2.67;20.9;11.78
2021-04-20;36;Indre;1.5;18.7;10.1
2021-04-20;93;Seine-Saint-Denis;5.0;18.9;11.95
2021-04-20;31;Haute-Garonne;6.4;21.17;13.78
2021-04-20;70;Haute-Saône;1.5;16.7;9.1
2021-04-20;11;Aude;7.3;17.85;12.58
2021-04-20;76;Seine-Maritime;3.6;14.9;9.25
2021-04-20;87;Haute-Vienne;6.9;17.4;12.15
2021-04-20;54;Meurthe-et-Moselle;3.2;16.3;9.75
2021-04-20;78;Yvelines;4.93;17.73;11.33
2021-04-20;56;Morbihan;7.93;17.63;12.78
2021-04-20;30;Gard;3.6;15.27;9.43
2021-04-20;60;Oise;0.65;18.45;9.55
2021-04-21;61;Orne;2.0;19.1;10.55
2021-04-21;35;Ille-et-Vilaine;4.3;19.1;11.7
2021-04-21;54;Meurthe-et-Moselle;2.8;18.45;10.62
2021-04-21;07;Ardèche;7.9;16.0;11.95
2021-04-21;56;Morbihan;8.83;19.27;14.05
2021-04-21;06;Alpes-Maritimes;10.67;16.1;13.38
2021-04-21;82;Tarn-et-Garonne;11.1;19.1;15.1
2021-04-21;2B;Haute-Corse;9.0;16.47;12.74
2021-04-21;70;Haute-Saône;-0.4;18.7;9.15
2021-04-21;90;Territoire de Belfort;2.1;18.75;10.42
2021-04-21;42;Loire;6.35;13.05;9.7
2021-04-21;66;Pyrénées-Orientales;10.85;15.7;13.28
2021-04-21;81;Tarn;10.8;17.1;13.95
2021-04-21;80;Somme;4.2;16.6;10.4
2021-04-21;12;Aveyron;7.25;12.55;9.9
2021-04-21;75;Paris;8.7;20.4;14.55
2021-04-21;31;Haute-Garonne;8.17;19.63;13.9
2021-04-21;14;Calvados;5.72;14.83;10.28
2021-04-21;33;Gironde;10.27;20.3;15.28
2021-04-21;26;Drôme;6.9;19.3;13.1
2021-04-21;30;Gard;5.53;11.9;8.72
2021-04-21;04;Alpes-de-Haute-Provence;7.6;14.6;11.1
2021-04-21;19;Corrèze;7.0;18.5;12.75
2021-04-22;39;Jura;1.7;19.6;10.65
2021-04-22;74;Haute-Savoie;2.66;15.22;8.94
2021-04-22;19;Corrèze;3.6;23.2;13.4
2021-04-22;40;Landes;8.5;23.07;15.78
2021-04-22;70;Haute-Saône;0.0;19.0;9.5
2021-04-22;27;Eure;3.8;16.1;9.95
2021-04-22;24;Dordogne;3.8;22.7;13.25
2021-04-22;94;Val-de-Marne;6.2;17.0;11.6
2021-04-22;12;Aveyron;5.05;17.1;11.08
2021-04-22;28;Eure-et-Loir;5.05;18.55;11.8
2021-04-22;76;Seine-Maritime;3.8;14.8;9.3
2021-04-22;35;Ille-et-Vilaine;7.1;19.3;13.2
2021-04-22;21;Côte-d'Or;2.8;20.1;11.45
2021-04-22;73;Savoie;3.05;20.15;11.6
2021-04-22;65;Hautes-Pyrénées;4.9;20.1;12.5
2021-04-22;48;Lozère;2.3;17.1;9.7
2021-04-22;49;Maine-et-Loire;6.6;20.6;13.6
2021-04-22;09;Ariège;4.3;20.4;12.35
2021-04-23;77;Seine-et-Marne;2.9;19.3;11.1
2021-04-23;08;Ardennes;-2.0;17.9;7.95
2021-04-23;83;Var;9.46;19.36;14.41
2021-04-23;11;Aude;6.8;20.05;13.42
2021-04-23;04;Alpes-de-Haute-Provence;4.5;21.9;13.2
2021-04-23;84;Vaucluse;5.6;24.2;14.9
2021-04-23;52;Haute-Marne;3.65;18.6;11.12
2021-04-23;50;Manche;7.5;13.46;10.48
2021-04-23;67;Bas-Rhin;2.7;19.6;11.15
2021-04-23;63;Puy-de-Dôme;3.5;21.4;12.45
2021-04-23;17;Charente-Maritime;11.21;22.54;16.87
2021-04-23;29;Finistère;10.46;19.48;14.97
2021-04-23;43;Haute-Loire;0.9;18.4;9.65
2021-04-23;44;Loire-Atlantique;9.4;22.17;15.78
2021-04-23;18;Cher;6.0;21.75;13.88
2021-04-23;68;Haut-Rhin;1.6;19.1;10.35
2021-04-24;39;Jura;3.0;23.6;13.3
2021-04-24;76;Seine-Maritime;5.82;17.3;11.56
2021-04-24;56;Morbihan;11.47;23.23;17.35
2021-04-24;90;Territoire de Belfort;2.5;21.9;12.2
2021-04-24;27;Eure;5.8;18.6;12.2
2021-04-24;59;Nord;5.7;13.7;9.7
2021-04-24;26;Drôme;4.7;24.4;14.55
2021-04-24;05;Hautes-Alpes;6.6;20.4;13.5
2021-04-24;55;Meuse;0.93;20.0;10.47
2021-04-24;08;Ardennes;-1.0;17.9;8.45
2021-04-24;36;Indre;6.5;24.2;15.35
2021-04-24;48;Lozère;4.7;18.2;11.45
2021-04-24;32;Gers;5.5;26.3;15.9
2021-04-24;30;Gard;5.93;18.87;12.4
2021-04-24;68;Haut-Rhin;0.8;21.75;11.27
2021-04-24;62;Pas-de-Calais;5.85;15.55;10.7
2021-04-24;70;Haute-Saône;-0.4;22.7;11.15
2021-04-25;15;Cantal;8.3;18.2;13.25
2021-04-25;95;Val-d'Oise;5.73;16.17;10.95
2021-04-25;18;Cher;9.85;22.75;16.3
2021-04-25;55;Meuse;3.23;17.13;10.18
2021-04-25;92;Hauts-de-Seine;6.8;15.6;11.2
2021-04-25;32;Gers;11.9;20.7;16.3
2021-04-25;87;Haute-Vienne;12.0;21.1;16.55
2021-04-25;45;Loiret;5.7;19.5;12.6
2021-04-25;93;Seine-Saint-Denis;6.3;16.6;11.45
2021-04-25;08;Ardennes;1.7;15.4;8.55
2021-04-25;85;Vendée;10.65;20.75;15.7
2021-04-25;46;Lot;11.7;20.9;16.3
2021-04-25;72;Sarthe;8.2;19.7;13.95
2021-04-25;34;Hérault;10.13;17.83;13.98
2021-04-25;60;Oise;4.15;15.0;9.57
2021-04-25;05;Hautes-Alpes;6.8;21.7;14.25
2021-04-25;14;Calvados;6.01;12.7;9.35
2021-04-25;63;Puy-de-Dôme;8.2;22.6;15.4
2021-04-25;89;Yonne;7.5;19.8;13.65
2021-04-25;94;Val-de-Marne;7.0;17.0;12.0
2021-04-25;76;Seine-Maritime;5.12;13.25;9.19
2021-04-26;44;Loire-Atlantique;9.55;18.97;14.26
2021-04-26;23;Creuse;10.6;17.4;14.0
2021-04-26;58;Nièvre;9.2;21.9;15.55
2021-04-26;82;Tarn-et-Garonne;8.8;16.3;12.55
2021-04-26;40;Landes;11.87;15.1;13.48
2021-04-26;06;Alpes-Maritimes;12.87;18.53;15.7
2021-04-26;69;Rhône;12.0;17.0;14.5
2021-04-26;02;Aisne;2.1;15.6;8.85
2021-04-26;49;Maine-et-Loire;8.2;19.4;13.8
2021-04-26;80;Somme;2.35;15.2;8.78
2021-04-26;73;Savoie;10.05;15.8;12.92
2021-04-26;30;Gard;8.73;17.53;13.13
2021-04-26;31;Haute-Garonne;11.0;14.23;12.62
2021-04-26;66;Pyrénées-Orientales;12.2;19.3;15.75
2021-04-26;46;Lot;11.9;16.5;14.2
2021-04-26;21;Côte-d'Or;7.6;20.7;14.15
2021-04-26;04;Alpes-de-Haute-Provence;9.2;21.4;15.3
2021-04-26;35;Ille-et-Vilaine;6.0;15.4;10.7
2021-04-27;01;Ain;9.6;21.4;15.5
2021-04-27;29;Finistère;6.62;14.67;10.65
2021-04-27;72;Sarthe;5.7;20.8;13.25
2021-04-27;23;Creuse;7.0;21.1;14.05
2021-04-27;66;Pyrénées-Orientales;12.25;16.1;14.18
2021-04-27;59;Nord;4.95;14.6;9.78
2021-04-27;58;Nièvre;2.1;21.3;11.7
2021-04-27;82;Tarn-et-Garonne;9.4;17.7;13.55
2021-04-27;07;Ardèche;10.3;22.0;16.15
2021-04-27;10;Aube;0.1;19.4;9.75
2021-04-27;78;Yvelines;3.4;18.53;10.97
2021-04-28;94;Val-de-Marne;4.6;19.4;12.0
2021-04-28;60;Oise;0.25;20.0;10.12
2021-04-28;33;Gironde;11.3;16.87;14.08
2021-04-28;45;Loiret;1.1;18.8;9.95
2021-04-28;47;Lot-et-Garonne;11.4;18.7;15.05
2021-04-28;46;Lot;10.5;15.8;13.15
2021-04-28;36;Indre;8.7;15.7;12.2
2021-04-28;37;Indre-et-Loire;4.3;18.9;11.6
2021-04-28;62;Pas-de-Calais;6.8;16.65;11.72
2021-04-28;03;Allier;11.5;15.7;13.6
2021-04-28;87;Haute-Vienne;9.8;13.9;11.85
2021-04-28;75;Paris;8.1;20.8;14.45
2021-04-28;19;Corrèze;11.4;16.6;14.0
2021-04-28;18;Cher;8.4;15.05;11.72
2021-04-28;71;Saône-et-Loire;10.0;15.75;12.88
2021-04-28;67;Bas-Rhin;2.6;23.6;13.1
2021-04-28;14;Calvados;2.43;13.15;7.79
2021-04-28;89;Yonne;1.7;14.5;8.1
2021-04-28;64;Pyrénées-Atlantiques;12.27;16.6;14.43
2021-04-28;73;Savoie;10.45;16.75;13.6
2021-04-28;21;Côte-d'Or;3.5;14.4;8.95
2021-04-28;2B;Haute-Corse;12.83;19.11;15.97
2021-04-29;76;Seine-Maritime;5.88;10.62;8.25
2021-04-29;11;Aude;11.05;17.2;14.12
2021-04-29;92;Hauts-de-Seine;5.2;12.4;8.8
2021-04-29;48;Lozère;4.6;13.2;8.9
2021-04-29;47;Lot-et-Garonne;9.8;15.0;12.4
2021-04-29;45;Loiret;2.7;14.4;8.55
2021-04-29;46;Lot;6.9;13.9;10.4
2021-04-29;83;Var;13.18;16.99;15.09
2021-04-29;07;Ardèche;11.1;17.9;14.5
2021-04-29;08;Ardennes;3.1;11.5;7.3
2021-04-29;05;Hautes-Alpes;8.3;10.0;9.15
2021-04-29;09;Ariège;7.9;11.6;9.75
2021-04-29;80;Somme;4.25;11.1;7.68
2021-04-29;85;Vendée;4.7;15.7;10.2
2021-04-29;95;Val-d'Oise;5.27;13.2;9.23
2021-04-29;87;Haute-Vienne;4.6;14.3;9.45
2021-04-29;67;Bas-Rhin;9.9;16.4;13.15
2021-04-29;62;Pas-de-Calais;6.25;11.05;8.65
2021-04-29;02;Aisne;3.7;10.5;7.1
2021-04-29;68;Haut-Rhin;10.15;17.8;13.98
2021-04-29;72;Sarthe;5.3;15.4;10.35
2021-04-29;50;Manche;7.16;9.99;8.57
2021-04-29;54;Meurthe-et-Moselle;8.05;15.1;11.58
2021-04-29;29;Finistère;6.97;13.13;10.05
2021-04-30;94;Val-de-Marne;7.4;13.8;10.6
2021-04-30;45;Loiret;5.4;14.3;9.85
2021-04-30;95;Val-d'Oise;5.93;12.83;9.38
2021-04-30;21;Côte-d'Or;6.3;12.3;9.3
2021-04-30;22;Côtes-d'Armor;4.03;12.73;8.38
2021-04-30;24;Dordogne;7.1;17.65;12.38
2021-04-30;26;Drôme;10.1;12.5;11.3
2021-04-30;33;Gironde;6.87;16.03;11.45
2021-04-30;50;Manche;5.35;10.8;8.08
2021-04-30;02;Aisne;0.3;12.4;6.35
2021-04-30;05;Hautes-Alpes;7.5;17.1;12.3
2021-04-30;10;Aube;2.7;14.3;8.5
2021-04-30;16;Charente;9.8;15.7;12.75
2021-04-30;17;Charente-Maritime;9.78;14.9;12.34
2021-04-30;72;Sarthe;7.3;16.4;11.85
2021-04-30;80;Somme;0.7;11.75;6.22
2021-04-30;84;Vaucluse;12.7;18.4;15.55
2021-04-30;86;Vienne;8.5;12.3;10.4
2021-04-30;89;Yonne;5.9;14.4;10.15
2021-04-30;91;Essonne;7.4;13.8;10.6
2021-04-30;70;Haute-Saône;5.8;8.2;7.0
2021-04-30;67;Bas-Rhin;6.2;9.1;7.65
2021-04-30;46;Lot;8.1;16.5;12.3
2021-04-30;48;Lozère;6.3;14.3;10.3
2021-04-30;93;Seine-Saint-Denis;6.6;13.5;10.05
2021-04-30;64;Pyrénées-Atlantiques;8.6;13.23;10.92
2021-04-30;66;Pyrénées-Orientales;12.15;19.05;15.6
2021-04-30;57;Moselle;1.6;12.5;7.05
2021-05-01;74;Haute-Savoie;6.91;9.76;8.34
2021-05-01;78;Yvelines;6.73;10.93;8.83
2021-05-01;71;Saône-et-Loire;7.05;11.55;9.3
2021-05-01;70;Haute-Saône;1.3;10.4;5.85
2021-05-01;2B;Haute-Corse;13.59;19.63;16.61
2021-05-01;69;Rhône;8.0;9.95;8.98
2021-05-01;72;Sarthe;5.1;16.0;10.55
2021-05-01;06;Alpes-Maritimes;12.57;15.05;13.81
2021-05-01;82;Tarn-et-Garonne;8.9;15.5;12.2
2021-05-01;11;Aude;9.5;15.2;12.35
2021-05-01;12;Aveyron;7.0;10.0;8.5
2021-05-01;54;Meurthe-et-Moselle;1.0;12.2;6.6
2021-05-01;45;Loiret;6.4;12.4;9.4
2021-05-01;48;Lozère;5.9;8.8;7.35
2021-05-01;55;Meuse;1.2;13.47;7.33
2021-05-01;30;Gard;7.27;8.8;8.03
2021-05-01;31;Haute-Garonne;8.13;14.87;11.5
2021-05-02;84;Vaucluse;7.4;17.67;12.53
2021-05-02;35;Ille-et-Vilaine;1.55;14.65;8.1
2021-05-02;83;Var;10.7;17.61;14.16
2021-05-02;11;Aude;8.55;18.65;13.6
2021-05-02;71;Saône-et-Loire;4.75;14.55;9.65
2021-05-02;34;Hérault;8.73;19.8;14.27
2021-05-02;39;Jura;2.9;13.4;8.15
2021-05-02;67;Bas-Rhin;6.6;14.2;10.4
2021-05-02;37;Indre-et-Loire;0.8;14.9;7.85
2021-05-02;80;Somme;1.35;12.55;6.95
2021-05-02;61;Orne;-0.4;14.6;7.1
2021-05-02;94;Val-de-Marne;4.6;14.2;9.4
2021-05-02;73;Savoie;6.1;13.5;9.8
2021-05-02;26;Drôme;8.0;16.0;12.0
2021-05-02;88;Vosges;5.3;12.93;9.12
2021-05-02;40;Landes;3.6;16.97;10.28
2021-05-02;58;Nièvre;3.5;13.7;8.6
2021-05-02;30;Gard;2.67;14.2;8.43
2021-05-02;92;Hauts-de-Seine;3.1;11.9;7.5
2021-05-02;25;Doubs;4.9;12.0;8.45
2021-05-02;78;Yvelines;2.93;12.33;7.63
2021-05-02;01;Ain;4.5;13.1;8.8
2021-05-02;45;Loiret;0.6;14.9;7.75
2021-05-02;03;Allier;3.3;14.1;8.7
2021-05-02;95;Val-d'Oise;2.8;14.17;8.48
2021-05-03;56;Morbihan;4.47;13.87;9.17
2021-05-03;80;Somme;0.7;16.25;8.48
2021-05-03;83;Var;10.01;17.83;13.92
2021-05-03;82;Tarn-et-Garonne;2.5;20.1;11.3
2021-05-03;58;Nièvre;-1.0;17.7;8.35
2021-05-03;72;Sarthe;1.4;18.8;10.1
2021-05-03;27;Eure;0.5;16.5;8.5
2021-05-03;75;Paris;5.5;18.4;11.95
2021-05-03;02;Aisne;-0.5;15.4;7.45
2021-05-03;93;Seine-Saint-Denis;2.3;17.8;10.05
2021-05-03;91;Essonne;3.0;17.8;10.4
2021-05-03;15;Cantal;-1.6;15.6;7.0
2021-05-03;86;Vienne;0.1;18.6;9.35
2021-05-03;37;Indre-et-Loire;1.7;18.5;10.1
2021-05-03;05;Hautes-Alpes;0.8;18.2;9.5
2021-05-03;22;Côtes-d'Armor;3.0;15.53;9.27
2021-05-04;64;Pyrénées-Atlantiques;8.23;18.03;13.13
2021-05-04;47;Lot-et-Garonne;4.6;21.6;13.1
2021-05-04;29;Finistère;9.69;13.21;11.45
2021-05-04;60;Oise;8.25;16.05;12.15
2021-05-04;67;Bas-Rhin;4.5;16.4;10.45
2021-05-04;54;Meurthe-et-Moselle;7.85;11.5;9.68
2021-05-04;15;Cantal;2.6;16.9;9.75
2021-05-04;56;Morbihan;9.47;13.33;11.4
2021-05-04;92;Hauts-de-Seine;8.1;13.6;10.85
2021-05-04;13;Bouches-du-Rhône;7.75;18.47;13.11
2021-05-04;01;Ain;4.8;20.2;12.5
2021-05-04;14;Calvados;9.35;13.32;11.34
2021-05-04;19;Corrèze;5.5;20.6;13.05
2021-05-04;86;Vienne;3.9;12.9;8.4
2021-05-04;24;Dordogne;3.65;19.9;11.78
2021-05-04;73;Savoie;2.5;19.85;11.18
2021-05-04;40;Landes;6.33;19.03;12.68
2021-05-04;45;Loiret;8.4;11.8;10.1
2021-05-04;70;Haute-Saône;3.6;14.3;8.95
2021-05-04;63;Puy-de-Dôme;6.9;19.3;13.1
2021-05-04;85;Vendée;9.1;13.35;11.22
2021-05-04;18;Cher;6.6;14.1;10.35
2021-05-04;23;Creuse;1.4;16.4;8.9
2021-05-04;05;Hautes-Alpes;0.8;18.2;9.5
2021-05-04;72;Sarthe;9.9;13.0;11.45
2021-05-04;90;Territoire de Belfort;5.35;17.65;11.5
2021-05-04;27;Eure;8.4;15.4;11.9
2021-05-04;42;Loire;4.15;18.85;11.5
2021-05-05;40;Landes;11.5;18.13;14.82
2021-05-05;30;Gard;8.3;16.8;12.55
2021-05-05;63;Puy-de-Dôme;6.6;17.0;11.8
2021-05-05;73;Savoie;8.05;14.85;11.45
2021-05-05;75;Paris;6.1;13.5;9.8
2021-05-05;91;Essonne;4.5;14.7;9.6
2021-05-05;76;Seine-Maritime;5.48;11.48;8.48
2021-05-05;38;Isère;9.0;15.8;12.4
2021-05-05;11;Aude;13.45;21.55;17.5
2021-05-05;71;Saône-et-Loire;7.7;14.95;11.32
2021-05-05;53;Mayenne;3.8;13.6;8.7
2021-05-05;90;Territoire de Belfort;6.3;12.3;9.3
2021-05-05;18;Cher;4.05;14.1;9.07
2021-05-05;57;Moselle;3.3;10.0;6.65
2021-05-05;12;Aveyron;7.4;14.3;10.85
2021-05-05;92;Hauts-de-Seine;3.4;12.7;8.05
2021-05-06;53;Mayenne;6.8;17.4;12.1
2021-05-06;49;Maine-et-Loire;7.9;16.8;12.35
2021-05-06;37;Indre-et-Loire;7.1;17.2;12.15
2021-05-06;84;Vaucluse;5.2;22.4;13.8
2021-05-06;70;Haute-Saône;4.0;11.6;7.8
2021-05-06;43;Haute-Loire;1.5;12.8;7.15
2021-05-06;02;Aisne;2.3;8.8;5.55
2021-05-06;74;Haute-Savoie;2.84;9.62;6.23
2021-05-06;64;Pyrénées-Atlantiques;10.27;21.2;15.73
2021-05-06;38;Isère;3.45;14.0;8.72
2021-05-06;78;Yvelines;5.47;9.87;7.67
2021-05-06;45;Loiret;6.2;15.8;11.0
2021-05-06;76;Seine-Maritime;4.72;9.57;7.15
2021-05-06;10;Aube;4.9;14.7;9.8
2021-05-06;28;Eure-et-Loir;6.25;15.2;10.73
2021-05-06;87;Haute-Vienne;6.7;12.1;9.4
2021-05-06;33;Gironde;10.33;16.13;13.23
2021-05-06;91;Essonne;6.6;10.8;8.7
2021-05-07;24;Dordogne;11.1;19.3;15.2
2021-05-07;63;Puy-de-Dôme;10.3;16.2;13.25
2021-05-07;25;Doubs;7.4;14.7;11.05
2021-05-07;23;Creuse;7.6;16.0;11.8
2021-05-07;72;Sarthe;3.1;17.0;10.05
2021-05-07;70;Haute-Saône;6.7;14.6;10.65
2021-05-07;54;Meurthe-et-Moselle;5.75;14.05;9.9
2021-05-07;11;Aude;14.7;22.1;18.4
2021-05-07;74;Haute-Savoie;6.84;11.0;8.92
2021-05-07;92;Hauts-de-Seine;2.4;14.9;8.65
2021-05-07;18;Cher;7.75;16.2;11.98
2021-05-07;53;Mayenne;2.1;14.9;8.5
2021-05-07;49;Maine-et-Loire;5.3;15.7;10.5
2021-05-07;84;Vaucluse;12.27;23.1;17.68
2021-05-07;36;Indre;7.9;15.5;11.7
2021-05-07;35;Ille-et-Vilaine;2.2;15.25;8.72
2021-05-07;80;Somme;2.0;13.95;7.98
2021-05-07;40;Landes;12.83;20.43;16.63
2021-05-07;86;Vienne;7.7;16.6;12.15
2021-05-07;13;Bouches-du-Rhône;14.6;21.96;18.28
2021-05-07;04;Alpes-de-Haute-Provence;11.7;21.1;16.4
2021-05-07;14;Calvados;3.27;13.43;8.35
2021-05-08;22;Côtes-d'Armor;9.17;18.63;13.9
2021-05-08;37;Indre-et-Loire;11.3;23.7;17.5
2021-05-08;31;Haute-Garonne;9.0;26.67;17.83
2021-05-08;23;Creuse;7.4;25.5;16.45
2021-05-08;67;Bas-Rhin;1.8;20.1;10.95
2021-05-08;78;Yvelines;8.0;21.27;14.63
2021-05-08;2B;Haute-Corse;14.07;20.57;17.32
2021-05-08;2A;Corse-du-Sud;13.64;20.15;16.89
2021-05-08;73;Savoie;2.9;23.0;12.95
2021-05-08;84;Vaucluse;7.9;26.0;16.95
2021-05-08;09;Ariège;7.3;29.1;18.2
2021-05-08;12;Aveyron;6.15;24.7;15.42
2021-05-08;81;Tarn;8.5;30.5;19.5
2021-05-08;11;Aude;11.7;21.05;16.38
2021-05-08;94;Val-de-Marne;9.0;22.1;15.55
2021-05-08;77;Seine-et-Marne;7.7;22.9;15.3
2021-05-08;15;Cantal;5.0;25.7;15.35
2021-05-08;76;Seine-Maritime;8.98;20.98;14.98
2021-05-08;89;Yonne;7.3;22.8;15.05
2021-05-09;40;Landes;14.33;22.07;18.2
2021-05-09;03;Allier;15.7;25.3;20.5
2021-05-09;28;Eure-et-Loir;11.4;26.3;18.85
2021-05-09;78;Yvelines;13.4;26.5;19.95
2021-05-09;26;Drôme;13.4;26.9;20.15
2021-05-09;13;Bouches-du-Rhône;14.43;24.13;19.28
2021-05-09;63;Puy-de-Dôme;16.0;25.2;20.6
2021-05-09;54;Meurthe-et-Moselle;10.35;26.0;18.17
2021-05-09;70;Haute-Saône;8.6;27.4;18.0
2021-05-09;09;Ariège;14.5;26.2;20.35
2021-05-09;37;Indre-et-Loire;14.5;24.2;19.35
2021-05-09;22;Côtes-d'Armor;11.63;18.67;15.15
2021-05-09;71;Saône-et-Loire;16.25;24.5;20.38
2021-05-10;85;Vendée;11.0;17.25;14.12
2021-05-10;41;Loir-et-Cher;10.55;19.35;14.95
2021-05-10;55;Meuse;13.33;17.53;15.43
2021-05-10;84;Vaucluse;16.33;20.8;18.57
2021-05-10;79;Deux-Sèvres;11.3;18.4;14.85
2021-05-10;31;Haute-Garonne;11.47;20.3;15.88
2021-05-10;94;Val-de-Marne;12.4;19.8;16.1
2021-05-10;69;Rhône;12.4;16.4;14.4
2021-05-10;44;Loire-Atlantique;11.81;15.9;13.86
2021-05-10;71;Saône-et-Loire;10.45;13.0;11.73
2021-05-10;2B;Haute-Corse;14.37;23.5;18.94
2021-05-10;63;Puy-de-Dôme;11.8;15.5;13.65
2021-05-11;01;Ain;8.8;16.1;12.45
2021-05-11;31;Haute-Garonne;9.43;15.73;12.58
2021-05-11;10;Aube;10.7;16.5;13.6
2021-05-11;12;Aveyron;7.2;11.3;9.25
2021-05-11;80;Somme;7.4;17.7;12.55
2021-05-11;72;Sarthe;5.7;17.8;11.75
2021-05-11;92;Hauts-de-Seine;6.6;14.8;10.7
2021-05-11;32;Gers;8.6;16.0;12.3
2021-05-11;33;Gironde;10.13;16.47;13.3
2021-05-11;70;Haute-Saône;10.3;15.9;13.1
2021-05-11;95;Val-d'Oise;7.73;16.5;12.12
2021-05-11;93;Seine-Saint-Denis;8.2;16.5;12.35
2021-05-11;86;Vienne;8.2;16.6;12.4
2021-05-11;48;Lozère;4.8;10.9;7.85
2021-05-11;82;Tarn-et-Garonne;9.9;15.9;12.9
2021-05-11;18;Cher;8.3;15.75;12.02
2021-05-11;09;Ariège;6.2;14.2;10.2
2021-05-11;51;Marne;9.1;18.05;13.58
2021-05-11;66;Pyrénées-Orientales;10.9;18.8;14.85
2021-05-11;2A;Corse-du-Sud;15.16;18.52;16.84
2021-05-11;30;Gard;7.23;15.2;11.22
2021-05-11;45;Loiret;7.0;15.2;11.1
2021-05-11;29;Finistère;7.4;13.41;10.41
2021-05-11;77;Seine-et-Marne;8.0;15.1;11.55
2021-05-11;03;Allier;7.7;15.4;11.55
2021-05-11;89;Yonne;9.6;17.2;13.4
2021-05-12;82;Tarn-et-Garonne;5.2;20.7;12.95
2021-05-12;35;Ille-et-Vilaine;6.4;16.9;11.65
2021-05-12;83;Var;12.12;17.81;14.96
2021-05-12;52;Haute-Marne;6.15;17.0;11.58
2021-05-12;01;Ain;6.0;18.2;12.1
2021-05-12;23;Creuse;2.5;15.0;8.75
2021-05-12;03;Allier;4.4;17.0;10.7
2021-05-12;76;Seine-Maritime;7.3;15.32;11.31
2021-05-12;38;Isère;5.1;19.35;12.22
2021-05-12;93;Seine-Saint-Denis;7.7;15.9;11.8
2021-05-12;49;Maine-et-Loire;7.9;17.1;12.5
2021-05-12;39;Jura;5.1;17.9;11.5
2021-05-12;12;Aveyron;2.8;15.95;9.38
2021-05-12;71;Saône-et-Loire;3.85;17.4;10.62
2021-05-12;18;Cher;5.15;15.75;10.45
2021-05-12;25;Doubs;7.5;17.8;12.65
2021-05-12;04;Alpes-de-Haute-Provence;8.0;19.2;13.6
2021-05-12;24;Dordogne;5.05;19.0;12.02
2021-05-12;31;Haute-Garonne;5.5;21.53;13.52
2021-05-13;12;Aveyron;5.1;15.2;10.15
2021-05-13;25;Doubs;7.4;15.0;11.2
2021-05-13;27;Eure;5.8;16.9;11.35
2021-05-13;88;Vosges;6.87;15.6;11.23
2021-05-13;47;Lot-et-Garonne;8.5;17.1;12.8
2021-05-13;03;Allier;7.6;18.2;12.9
2021-05-13;06;Alpes-Maritimes;12.98;18.73;15.86
2021-05-13;76;Seine-Maritime;8.07;13.52;10.8
2021-05-13;90;Territoire de Belfort;8.75;14.5;11.62
2021-05-13;86;Vienne;7.0;17.7;12.35
2021-05-13;38;Isère;8.45;17.75;13.1
2021-05-13;89;Yonne;7.4;16.3;11.85
2021-05-13;81;Tarn;6.6;18.5;12.55
2021-05-13;78;Yvelines;6.77;16.43;11.6
2021-05-13;54;Meurthe-et-Moselle;6.5;15.4;10.95
2021-05-13;24;Dordogne;7.4;15.95;11.68
2021-05-13;34;Hérault;10.3;20.83;15.57
2021-05-13;53;Mayenne;7.3;14.8;11.05
2021-05-13;08;Ardennes;1.6;15.8;8.7
2021-05-13;64;Pyrénées-Atlantiques;8.43;18.93;13.68
2021-05-13;69;Rhône;9.65;17.05;13.35
2021-05-13;16;Charente;9.2;16.7;12.95
2021-05-13;2A;Corse-du-Sud;13.41;17.44;15.43
2021-05-14;41;Loir-et-Cher;6.15;15.8;10.98
2021-05-14;46;Lot;7.2;17.7;12.45
2021-05-14;45;Loiret;6.8;15.2;11.0
2021-05-14;76;Seine-Maritime;8.68;12.82;10.75
2021-05-14;60;Oise;7.5;14.3;10.9
2021-05-14;11;Aude;10.8;19.0;14.9
2021-05-14;2B;Haute-Corse;12.01;17.83;14.92
2021-05-14;84;Vaucluse;9.0;20.9;14.95
2021-05-14;37;Indre-et-Loire;7.4;14.0;10.7
2021-05-14;06;Alpes-Maritimes;12.85;18.19;15.52
2021-05-14;82;Tarn-et-Garonne;9.2;17.9;13.55
2021-05-14;53;Mayenne;8.0;15.6;11.8
2021-05-14;54;Meurthe-et-Moselle;5.75;16.3;11.02
2021-05-14;10;Aube;5.5;15.4;10.45
2021-05-15;67;Bas-Rhin;9.1;15.3;12.2
2021-05-15;64;Pyrénées-Atlantiques;11.87;17.87;14.87
2021-05-15;70;Haute-Saône;8.7;13.2;10.95
2021-05-15;82;Tarn-et-Garonne;10.4;16.2;13.3
2021-05-15;54;Meurthe-et-Moselle;8.05;14.75;11.4
2021-05-15;49;Maine-et-Loire;9.6;17.0;13.3
2021-05-15;51;Marne;5.35;15.4;10.38
2021-05-15;95;Val-d'Oise;8.8;16.17;12.48
2021-05-15;57;Moselle;7.3;14.6;10.95
2021-05-15;59;Nord;6.75;14.55;10.65
2021-05-15;91;Essonne;9.2;17.7;13.45
2021-05-15;04;Alpes-de-Haute-Provence;5.6;14.7;10.15
2021-05-15;38;Isère;5.5;12.9;9.2
2021-05-15;19;Corrèze;9.6;15.8;12.7
2021-05-15;88;Vosges;8.77;14.8;11.78
2021-05-15;22;Côtes-d'Armor;8.63;15.73;12.18
2021-05-15;30;Gard;7.77;14.23;11.0
2021-05-15;02;Aisne;5.9;15.8;10.85
2021-05-15;09;Ariège;9.5;18.1;13.8
2021-05-15;34;Hérault;12.7;18.2;15.45
2021-05-15;23;Creuse;8.0;15.0;11.5
2021-05-15;26;Drôme;8.9;15.7;12.3
2021-05-15;2A;Corse-du-Sud;12.29;18.94;15.61
2021-05-16;60;Oise;9.1;17.8;13.45
2021-05-16;86;Vienne;10.2;17.7;13.95
2021-05-16;55;Meuse;8.23;16.23;12.23
2021-05-16;76;Seine-Maritime;9.05;15.4;12.23
2021-05-16;15;Cantal;10.0;14.0;12.0
2021-05-16;05;Hautes-Alpes;7.6;12.2;9.9
2021-05-16;47;Lot-et-Garonne;14.1;17.2;15.65
2021-05-16;29;Finistère;10.5;14.0;12.25
2021-05-16;81;Tarn;12.3;17.2;14.75
2021-05-16;56;Morbihan;11.43;14.43;12.93
2021-05-16;08;Ardennes;6.2;16.5;11.35
2021-05-16;11;Aude;14.25;19.9;17.08
2021-05-16;54;Meurthe-et-Moselle;8.45;16.25;12.35
2021-05-16;88;Vosges;9.03;15.93;12.48
2021-05-16;85;Vendée;11.4;15.8;13.6
2021-05-16;30;Gard;9.83;16.4;13.12
2021-05-16;71;Saône-et-Loire;6.55;18.6;12.58
2021-05-16;45;Loiret;9.2;17.5;13.35
2021-05-16;2B;Haute-Corse;14.84;22.53;18.69
2021-05-17;29;Finistère;10.6;14.17;12.39
2021-05-17;07;Ardèche;7.5;20.0;13.75
2021-05-17;90;Territoire de Belfort;8.2;14.65;11.42
2021-05-17;83;Var;13.25;21.04;17.15
2021-05-17;2A;Corse-du-Sud;15.41;18.52;16.96
2021-05-17;68;Haut-Rhin;9.1;15.65;12.38
2021-05-17;95;Val-d'Oise;10.13;16.53;13.33
2021-05-17;32;Gers;9.5;18.0;13.75
2021-05-17;02;Aisne;9.6;16.6;13.1
2021-05-17;74;Haute-Savoie;5.32;10.33;7.82
2021-05-17;84;Vaucluse;8.9;21.77;15.33
2021-05-17;62;Pas-de-Calais;10.6;13.75;12.18
2021-05-17;89;Yonne;9.0;17.2;13.1
2021-05-17;65;Hautes-Pyrénées;10.0;16.9;13.45
2021-05-17;25;Doubs;8.9;14.9;11.9
2021-05-17;46;Lot;9.0;17.8;13.4
2021-05-17;18;Cher;10.25;16.95;13.6
2021-05-17;60;Oise;9.55;17.45;13.5
2021-05-17;78;Yvelines;9.27;14.97;12.12
2021-05-17;75;Paris;10.5;16.6;13.55
2021-05-17;64;Pyrénées-Atlantiques;11.5;17.5;14.5
2021-05-18;15;Cantal;5.2;10.7;7.95
2021-05-18;21;Côte-d'Or;8.5;16.8;12.65
2021-05-18;28;Eure-et-Loir;7.4;17.3;12.35
2021-05-18;78;Yvelines;8.37;16.93;12.65
2021-05-18;59;Nord;10.25;16.2;13.23
2021-05-18;18;Cher;8.65;15.35;12.0
2021-05-18;19;Corrèze;7.5;14.0;10.75
2021-05-18;77;Seine-et-Marne;8.4;17.3;12.85
2021-05-18;08;Ardennes;8.6;16.0;12.3
2021-05-18;74;Haute-Savoie;5.34;12.31;8.83
2021-05-18;44;Loire-Atlantique;9.45;15.5;12.47
2021-05-18;84;Vaucluse;9.3;19.87;14.58
2021-05-18;36;Indre;8.6;14.5;11.55
2021-05-18;05;Hautes-Alpes;2.5;16.9;9.7
2021-05-18;06;Alpes-Maritimes;12.16;23.17;17.66
2021-05-18;83;Var;13.61;19.76;16.68
2021-05-19;07;Ardèche;6.5;19.4;12.95
2021-05-19;94;Val-de-Marne;9.4;16.4;12.9
2021-05-19;14;Calvados;8.26;14.12;11.19
2021-05-19;60;Oise;5.15;14.95;10.05
2021-05-19;40;Landes;9.63;17.83;13.73
2021-05-19;61;Orne;9.2;16.0;12.6
2021-05-19;75;Paris;9.9;16.0;12.95
2021-05-19;37;Indre-et-Loire;7.9;16.3;12.1
2021-05-19;26;Drôme;7.6;18.6;13.1
2021-05-19;2B;Haute-Corse;14.1;20.83;17.46
2021-05-19;47;Lot-et-Garonne;7.5;19.2;13.35
2021-05-19;87;Haute-Vienne;5.9;15.6;10.75
2021-05-19;93;Seine-Saint-Denis;8.3;14.9;11.6
2021-05-19;27;Eure;7.7;15.7;11.7
2021-05-19;51;Marne;3.2;14.9;9.05
2021-05-19;50;Manche;10.16;12.92;11.54
2021-05-19;52;Haute-Marne;5.35;15.1;10.22
2021-05-19;77;Seine-et-Marne;7.9;16.3;12.1
2021-05-19;10;Aube;6.2;15.6;10.9
2021-05-19;23;Creuse;6.9;15.8;11.35
2021-05-19;03;Allier;6.6;16.0;11.3
2021-05-19;66;Pyrénées-Orientales;13.4;21.5;17.45
2021-05-20;86;Vienne;4.3;18.4;11.35
2021-05-20;05;Hautes-Alpes;1.0;19.7;10.35
2021-05-20;66;Pyrénées-Orientales;12.4;22.1;17.25
2021-05-20;41;Loir-et-Cher;2.05;18.5;10.27
2021-05-20;17;Charente-Maritime;9.86;16.27;13.07
2021-05-20;75;Paris;7.7;17.9;12.8
2021-05-20;50;Manche;9.67;14.64;12.15
2021-05-20;46;Lot;3.8;21.8;12.8
2021-05-20;68;Haut-Rhin;8.45;17.9;13.18
2021-05-20;39;Jura;6.0;17.8;11.9
2021-05-20;07;Ardèche;6.3;22.4;14.35
2021-05-20;78;Yvelines;4.63;16.8;10.72
2021-05-20;09;Ariège;6.6;22.2;14.4
2021-05-20;35;Ille-et-Vilaine;7.2;17.05;12.12
2021-05-20;57;Moselle;7.5;17.2;12.35
2021-05-20;49;Maine-et-Loire;7.1;18.4;12.75
2021-05-20;58;Nièvre;1.2;18.6;9.9
2021-05-20;53;Mayenne;5.4;16.8;11.1
2021-05-20;06;Alpes-Maritimes;12.17;20.9;16.54
2021-05-21;58;Nièvre;11.1;16.3;13.7
2021-05-21;90;Territoire de Belfort;8.5;14.45;11.48
2021-05-21;49;Maine-et-Loire;11.0;17.6;14.3
2021-05-21;39;Jura;10.0;12.7;11.35
2021-05-21;73;Savoie;8.75;19.6;14.18
2021-05-21;89;Yonne;11.2;17.1;14.15
2021-05-21;51;Marne;10.6;17.75;14.18
2021-05-21;46;Lot;9.4;18.3;13.85
2021-05-21;11;Aude;10.25;21.3;15.78
2021-05-21;64;Pyrénées-Atlantiques;10.67;16.0;13.33
2021-05-21;59;Nord;11.15;16.05;13.6
2021-05-21;47;Lot-et-Garonne;7.7;19.4;13.55
2021-05-21;01;Ain;10.1;17.3;13.7
2021-05-21;50;Manche;10.53;13.23;11.88
2021-05-21;69;Rhône;11.95;18.2;15.08
2021-05-21;26;Drôme;10.5;21.9;16.2
2021-05-21;05;Hautes-Alpes;7.2;20.8;14.0
2021-05-21;82;Tarn-et-Garonne;8.7;21.3;15.0
2021-05-21;34;Hérault;11.83;19.1;15.47
2021-05-21;15;Cantal;7.9;18.5;13.2
2021-05-21;02;Aisne;9.4;17.4;13.4
2021-05-21;85;Vendée;11.85;16.15;14.0
2021-05-22;67;Bas-Rhin;8.0;18.7;13.35
2021-05-22;19;Corrèze;7.9;16.8;12.35
2021-05-22;54;Meurthe-et-Moselle;7.45;17.7;12.58
2021-05-22;41;Loir-et-Cher;8.05;16.65;12.35
2021-05-22;52;Haute-Marne;7.4;15.8;11.6
2021-05-22;81;Tarn;9.0;18.5;13.75
2021-05-22;82;Tarn-et-Garonne;9.4;18.0;13.7
2021-05-22;02;Aisne;7.8;14.1;10.95
2021-05-22;2A;Corse-du-Sud;11.95;22.76;17.35
2021-05-22;71;Saône-et-Loire;6.75;18.2;12.48
2021-05-22;16;Charente;9.4;16.7;13.05
2021-05-22;36;Indre;8.2;15.9;12.05
2021-05-22;14;Calvados;9.06;14.4;11.73
2021-05-22;10;Aube;8.4;18.0;13.2
2021-05-22;62;Pas-de-Calais;9.9;12.05;10.98
2021-05-22;59;Nord;9.7;13.4;11.55
2021-05-22;73;Savoie;6.6;19.25;12.92
2021-05-22;61;Orne;8.8;15.7;12.25
2021-05-22;72;Sarthe;9.5;17.0;13.25
2021-05-22;07;Ardèche;8.4;21.8;15.1
2021-05-23;77;Seine-et-Marne;6.4;19.2;12.8
2021-05-23;76;Seine-Maritime;7.18;15.38;11.27
2021-05-23;14;Calvados;5.78;15.09;10.43
2021-05-23;82;Tarn-et-Garonne;7.6;18.7;13.15
2021-05-23;10;Aube;6.8;18.6;12.7
2021-05-23;84;Vaucluse;11.0;22.33;16.67
2021-05-23;01;Ain;7.3;17.7;12.5
2021-05-23;16;Charente;7.4;19.0;13.2
2021-05-23;02;Aisne;5.6;16.3;10.95
2021-05-23;92;Hauts-de-Seine;6.8;16.6;11.7
2021-05-23;25;Doubs;7.9;17.7;12.8
2021-05-23;58;Nièvre;6.3;18.3;12.3
2021-05-23;34;Hérault;12.2;20.7;16.45
2021-05-23;64;Pyrénées-Atlantiques;7.63;18.1;12.87
2021-05-23;24;Dordogne;2.85;19.75;11.3
2021-05-23;28;Eure-et-Loir;5.9;18.4;12.15
2021-05-23;40;Landes;6.9;18.93;12.92
2021-05-23;44;Loire-Atlantique;8.41;15.89;12.15
2021-05-23;26;Drôme;12.0;20.3;16.15
2021-05-24;57;Moselle;6.3;16.3;11.3
2021-05-24;52;Haute-Marne;8.05;14.6;11.32
2021-05-24;17;Charente-Maritime;11.63;14.74;13.19
2021-05-24;55;Meuse;7.93;15.1;11.52
2021-05-24;77;Seine-et-Marne;9.6;15.4;12.5
2021-05-24;07;Ardèche;10.3;20.6;15.45
2021-05-24;27;Eure;9.0;14.5;11.75
2021-05-24;10;Aube;5.4;15.9;10.65
2021-05-24;29;Finistère;8.45;12.96;10.7
2021-05-24;74;Haute-Savoie;7.53;15.06;11.29
2021-05-24;31;Haute-Garonne;6.87;17.4;12.13
2021-05-24;81;Tarn;6.9;17.0;11.95
2021-05-24;59;Nord;8.9;15.95;12.42
2021-05-24;33;Gironde;10.37;17.43;13.9
2021-05-24;82;Tarn-et-Garonne;6.1;18.7;12.4
2021-05-24;25;Doubs;6.2;19.3;12.75
2021-05-24;72;Sarthe;7.2;13.9;10.55
2021-05-24;21;Côte-d'Or;4.3;17.3;10.8
2021-05-24;44;Loire-Atlantique;10.25;14.62;12.43
2021-05-24;02;Aisne;8.5;15.2;11.85
2021-05-24;71;Saône-et-Loire;6.05;19.2;12.62
2021-05-24;37;Indre-et-Loire;8.4;15.5;11.95
2021-05-24;22;Côtes-d'Armor;6.83;13.0;9.92
2021-05-24;65;Hautes-Pyrénées;7.4;15.5;11.45
2021-05-25;91;Essonne;7.3;16.6;11.95
2021-05-25;12;Aveyron;5.7;15.85;10.78
2021-05-25;27;Eure;6.8;15.2;11.0
2021-05-25;95;Val-d'Oise;6.83;15.67;11.25
2021-05-25;86;Vienne;6.9;17.1;12.0
2021-05-25;38;Isère;5.15;18.9;12.02
2021-05-25;2B;Haute-Corse;13.36;22.6;17.98
2021-05-25;73;Savoie;6.65;17.15;11.9
2021-05-25;24;Dordogne;6.65;19.5;13.08
2021-05-25;72;Sarthe;6.5;17.0;11.75
2021-05-25;71;Saône-et-Loire;7.75;17.4;12.58
2021-05-25;16;Charente;8.9;17.8;13.35
2021-05-25;67;Bas-Rhin;9.2;17.4;13.3
2021-05-25;63;Puy-de-Dôme;8.8;17.1;12.95
2021-05-26;01;Ain;7.2;21.3;14.25
2021-05-26;80;Somme;8.0;14.45;11.22
2021-05-26;24;Dordogne;3.55;20.1;11.82
2021-05-26;94;Val-de-Marne;9.6;15.5;12.55
2021-05-26;87;Haute-Vienne;5.9;14.9;10.4
2021-05-26;2B;Haute-Corse;13.33;20.81;17.07
2021-05-26;89;Yonne;9.1;12.9;11.0
2021-05-26;85;Vendée;11.55;16.7;14.12
2021-05-26;48;Lozère;2.6;19.8;11.2
2021-05-26;23;Creuse;6.6;17.4;12.0
2021-05-26;58;Nièvre;9.7;16.4;13.05
2021-05-26;77;Seine-et-Marne;9.5;15.2;12.35
2021-05-26;62;Pas-de-Calais;8.05;13.7;10.88
2021-05-26;29;Finistère;10.86;13.5;12.18
2021-05-26;91;Essonne;9.6;15.5;12.55
2021-05-26;60;Oise;8.4;16.05;12.23
2021-05-26;57;Moselle;8.1;13.5;10.8
2021-05-27;83;Var;11.51;22.58;17.05
2021-05-27;58;Nièvre;11.0;19.8;15.4
2021-05-27;89;Yonne;9.5;19.8;14.65
2021-05-27;44;Loire-Atlantique;12.23;18.83;15.53
2021-05-27;08;Ardennes;3.0;17.9;10.45
2021-05-27;86;Vienne;7.0;20.2;13.6
2021-05-27;2B;Haute-Corse;12.16;21.89;17.02
2021-05-27;59;Nord;9.5;16.4;12.95
2021-05-27;65;Hautes-Pyrénées;7.0;24.3;15.65
2021-05-27;76;Seine-Maritime;7.45;17.17;12.31
2021-05-27;21;Côte-d'Or;9.4;19.2;14.3
2021-05-27;90;Territoire de Belfort;8.8;18.55;13.68
2021-05-27;01;Ain;9.4;20.4;14.9
2021-05-27;10;Aube;8.8;19.7;14.25
2021-05-27;31;Haute-Garonne;8.3;25.67;16.98
2021-05-27;70;Haute-Saône;8.7;18.6;13.65
2021-05-27;27;Eure;5.4;19.8;12.6
2021-05-27;43;Haute-Loire;6.3;20.0;13.15
2021-05-27;79;Deux-Sèvres;5.2;21.2;13.2
2021-05-27;73;Savoie;7.7;22.45;15.08
2021-05-27;15;Cantal;3.3;21.4;12.35
2021-05-28;67;Bas-Rhin;7.1;20.6;13.85
2021-05-28;86;Vienne;9.1;23.1;16.1
2021-05-28;60;Oise;5.5;20.75;13.12
2021-05-28;40;Landes;13.03;27.2;20.12
2021-05-28;42;Loire;6.1;23.6;14.85
2021-05-28;14;Calvados;9.77;19.03;14.4
2021-05-28;46;Lot;9.3;27.2;18.25
2021-05-28;82;Tarn-et-Garonne;10.4;27.7;19.05
2021-05-28;02;Aisne;6.1;19.0;12.55
2021-05-28;56;Morbihan;11.93;21.8;16.87
2021-05-28;95;Val-d'Oise;8.5;21.37;14.93
2021-05-28;31;Haute-Garonne;11.63;25.67;18.65
2021-05-28;68;Haut-Rhin;4.95;20.5;12.72
2021-05-28;34;Hérault;14.17;21.93;18.05
2021-05-28;83;Var;12.7;19.72;16.21
2021-05-29;89;Yonne;9.7;21.7;15.7
2021-05-29;42;Loire;12.35;23.6;17.98
2021-05-29;2B;Haute-Corse;13.66;21.91;17.79
2021-05-29;34;Hérault;13.73;28.63;21.18
2021-05-29;95;Val-d'Oise;9.53;22.0;15.77
2021-05-29;31;Haute-Garonne;14.8;25.2;20.0
2021-05-29;78;Yvelines;9.47;21.83;15.65
2021-05-29;58;Nièvre;8.6;23.9;16.25
2021-05-29;32;Gers;16.0;25.6;20.8
2021-05-29;73;Savoie;10.4;24.3;17.35
2021-05-29;71;Saône-et-Loire;12.1;23.85;17.98
2021-05-29;86;Vienne;12.5;24.1;18.3
2021-05-29;06;Alpes-Maritimes;14.62;19.74;17.18
2021-05-29;33;Gironde;15.4;23.97;19.68
2021-05-29;65;Hautes-Pyrénées;15.3;24.1;19.7
2021-05-30;95;Val-d'Oise;10.13;22.37;16.25
2021-05-30;60;Oise;8.1;21.8;14.95
2021-05-30;62;Pas-de-Calais;9.4;18.3;13.85
2021-05-30;64;Pyrénées-Atlantiques;14.5;22.07;18.28
2021-05-30;36;Indre;10.6;23.6;17.1
2021-05-30;34;Hérault;16.87;26.1;21.48
2021-05-30;52;Haute-Marne;8.5;21.6;15.05
2021-05-30;09;Ariège;13.8;24.5;19.15
2021-05-30;42;Loire;7.65;22.7;15.18
2021-05-30;14;Calvados;10.47;17.65;14.06
2021-05-31;40;Landes;14.7;28.57;21.63
2021-05-31;02;Aisne;9.1;23.1;16.1
2021-05-31;04;Alpes-de-Haute-Provence;11.3;24.8;18.05
2021-05-31;78;Yvelines;11.17;23.33;17.25
2021-05-31;81;Tarn;13.4;28.7;21.05
2021-05-31;87;Haute-Vienne;13.7;26.1;19.9
2021-05-31;95;Val-d'Oise;10.03;23.53;16.78
2021-05-31;69;Rhône;11.15;27.1;19.12
2021-05-31;60;Oise;7.25;23.1;15.18
2021-05-31;62;Pas-de-Calais;10.55;24.0;17.27
2021-06-01;08;Ardennes;3.2;25.0;14.1
2021-06-01;84;Vaucluse;10.9;26.97;18.93
2021-06-01;14;Calvados;10.91;23.54;17.22
2021-06-01;09;Ariège;15.2;24.1;19.65
2021-06-01;28;Eure-et-Loir;8.95;27.55;18.25
2021-06-01;79;Deux-Sèvres;14.6;28.7;21.65
2021-06-01;76;Seine-Maritime;11.22;26.02;18.62
2021-06-01;36;Indre;11.5;29.3;20.4
2021-06-01;69;Rhône;15.2;26.2;20.7
2021-06-01;33;Gironde;17.67;28.0;22.83
2021-06-01;16;Charente;16.5;27.6;22.05
2021-06-02;87;Haute-Vienne;15.0;20.8;17.9
2021-06-02;85;Vendée;15.45;20.6;18.02
2021-06-02;05;Hautes-Alpes;12.1;19.1;15.6
2021-05-28;84;Vaucluse;12.57;27.1;19.83
2021-05-28;12;Aveyron;8.75;24.35;16.55
2021-05-29;01;Ain;10.3;23.1;16.7
2021-05-29;10;Aube;8.2;22.5;15.35
2021-05-29;46;Lot;14.1;26.6;20.35
2021-05-29;17;Charente-Maritime;14.89;21.27;18.08
2021-05-30;93;Seine-Saint-Denis;11.1;22.7;16.9
2021-05-30;30;Gard;14.13;23.37;18.75
2021-05-30;59;Nord;10.4;18.5;14.45
2021-05-30;27;Eure;10.7;21.8;16.25
2021-05-30;94;Val-de-Marne;12.3;23.2;17.75
2021-05-30;33;Gironde;14.23;25.3;19.77
2021-05-30;22;Côtes-d'Armor;10.17;18.1;14.13
2021-05-30;83;Var;14.35;21.58;17.97
2021-05-30;07;Ardèche;13.3;26.8;20.05
2021-05-30;79;Deux-Sèvres;12.8;25.1;18.95
2021-05-30;86;Vienne;10.6;23.6;17.1
2021-05-30;87;Haute-Vienne;14.1;22.9;18.5
2021-05-30;06;Alpes-Maritimes;15.57;22.33;18.95
2021-05-30;75;Paris;12.9;24.2;18.55
2021-05-31;29;Finistère;11.35;21.27;16.31
2021-05-31;38;Isère;9.25;27.1;18.18
2021-05-31;39;Jura;8.6;25.3;16.95
2021-05-31;21;Côte-d'Or;8.3;24.6;16.45
2021-05-31;42;Loire;6.75;25.6;16.18
2021-05-31;83;Var;14.76;21.73;18.25
2021-05-31;58;Nièvre;5.1;25.3;15.2
2021-06-01;78;Yvelines;11.17;26.5;18.83
2021-06-01;77;Seine-et-Marne;8.9;27.2;18.05
2021-06-01;39;Jura;9.1;27.9;18.5
2021-06-01;47;Lot-et-Garonne;16.4;24.7;20.55
2021-06-01;10;Aube;6.6;28.3;17.45
2021-06-01;59;Nord;13.3;24.05;18.68
2021-06-01;37;Indre-et-Loire;11.0;28.3;19.65
2021-06-01;72;Sarthe;12.8;29.2;21.0
2021-06-01;22;Côtes-d'Armor;11.77;22.17;16.97
2021-06-02;31;Haute-Garonne;15.5;24.43;19.97
2021-06-02;82;Tarn-et-Garonne;16.0;25.9;20.95
2021-06-02;73;Savoie;13.0;18.05;15.53
2021-06-02;22;Côtes-d'Armor;15.53;21.03;18.28
2021-06-02;67;Bas-Rhin;9.8;28.1;18.95
2021-06-02;69;Rhône;15.2;21.6;18.4
2021-06-02;09;Ariège;12.9;22.9;17.9
2021-06-02;76;Seine-Maritime;14.82;26.2;20.51
2021-06-02;59;Nord;14.75;25.95;20.35
2021-06-02;78;Yvelines;15.17;26.13;20.65
2021-06-02;26;Drôme;16.3;24.1;20.2
2021-06-02;35;Ille-et-Vilaine;16.55;21.9;19.22
2021-06-02;43;Haute-Loire;11.7;17.6;14.65
2021-06-02;90;Territoire de Belfort;12.35;26.25;19.3
2021-06-02;41;Loir-et-Cher;14.2;22.5;18.35
2021-06-02;48;Lozère;10.8;14.6;12.7
2021-06-02;01;Ain;13.8;19.9;16.85
2021-06-02;50;Manche;15.5;20.16;17.83
2021-06-03;07;Ardèche;14.0;26.2;20.1
2021-06-03;76;Seine-Maritime;13.55;18.98;16.26
2021-06-03;40;Landes;16.2;21.3;18.75
2021-06-03;03;Allier;13.3;28.8;21.05
2021-06-03;61;Orne;12.1;22.6;17.35
2021-06-03;39;Jura;16.2;27.4;21.8
2021-06-03;63;Puy-de-Dôme;14.4;26.4;20.4
2021-06-03;84;Vaucluse;12.57;28.07;20.32
2021-06-03;49;Maine-et-Loire;12.3;22.3;17.3
2021-06-03;55;Meuse;16.07;25.43;20.75
2021-06-03;48;Lozère;10.6;21.2;15.9
2021-06-03;75;Paris;18.0;28.7;23.35
2021-06-03;69;Rhône;16.05;27.85;21.95
2021-06-03;95;Val-d'Oise;17.3;25.8;21.55
2021-06-03;67;Bas-Rhin;14.8;27.9;21.35
2021-06-03;25;Doubs;17.0;27.4;22.2
2021-06-03;02;Aisne;16.0;24.9;20.45
2021-06-03;30;Gard;10.9;21.8;16.35
2021-06-03;16;Charente;16.1;24.3;20.2
2021-06-04;57;Moselle;15.3;27.2;21.25
2021-06-04;91;Essonne;15.4;22.2;18.8
2021-06-04;66;Pyrénées-Orientales;16.85;23.2;20.02
2021-06-04;13;Bouches-du-Rhône;14.35;25.1;19.72
2021-06-04;46;Lot;14.9;19.8;17.35
2021-06-04;11;Aude;16.8;21.05;18.92
2021-06-04;24;Dordogne;15.7;20.05;17.88
2021-06-04;07;Ardèche;11.1;25.9;18.5
2021-06-04;05;Hautes-Alpes;10.0;26.1;18.05
2021-06-04;64;Pyrénées-Atlantiques;13.33;15.67;14.5
2021-06-04;32;Gers;15.4;17.4;16.4
2021-06-04;18;Cher;15.9;22.8;19.35
2021-06-04;37;Indre-et-Loire;14.8;19.1;16.95
2021-06-04;08;Ardennes;12.4;26.5;19.45
2021-06-04;14;Calvados;11.15;14.01;12.58
2021-06-04;56;Morbihan;10.8;17.4;14.1
2021-06-05;22;Côtes-d'Armor;8.3;18.97;13.63
2021-06-05;07;Ardèche;13.0;26.1;19.55
2021-06-05;60;Oise;13.5;18.3;15.9
2021-06-05;08;Ardennes;14.2;15.8;15.0
2021-06-05;41;Loir-et-Cher;11.6;22.35;16.98
2021-06-05;34;Hérault;15.43;28.23;21.83
2021-06-05;68;Haut-Rhin;16.0;19.9;17.95
2021-06-05;18;Cher;12.05;20.95;16.5
2021-06-06;66;Pyrénées-Orientales;19.55;26.95;23.25
2021-06-06;73;Savoie;12.65;23.75;18.2
2021-06-06;50;Manche;11.78;16.21;13.99
2021-06-06;64;Pyrénées-Atlantiques;14.87;21.43;18.15
2021-06-06;94;Val-de-Marne;10.4;23.2;16.8
2021-06-06;36;Indre;8.7;20.6;14.65
2021-06-06;58;Nièvre;8.0;18.7;13.35
2021-06-06;02;Aisne;8.2;22.5;15.35
2021-06-06;59;Nord;10.85;20.35;15.6
2021-06-06;47;Lot-et-Garonne;10.5;24.1;17.3
2021-06-06;54;Meurthe-et-Moselle;13.05;17.35;15.2
2021-06-06;55;Meuse;12.83;19.43;16.13
2021-06-06;30;Gard;12.97;22.17;17.57
2021-06-06;25;Doubs;13.6;18.3;15.95
2021-06-06;87;Haute-Vienne;12.8;20.8;16.8
2021-06-06;53;Mayenne;9.0;23.4;16.2
2021-06-06;06;Alpes-Maritimes;17.01;22.41;19.71
2021-06-07;32;Gers;11.3;25.7;18.5
2021-06-07;88;Vosges;14.2;20.77;17.48
2021-06-07;46;Lot;9.2;24.2;16.7
2021-06-07;38;Isère;15.75;21.55;18.65
2021-06-07;22;Côtes-d'Armor;13.03;16.93;14.98
2021-06-07;44;Loire-Atlantique;13.03;23.29;18.16
2021-06-07;43;Haute-Loire;11.8;15.4;13.6
2021-06-07;21;Côte-d'Or;12.8;22.6;17.7
2021-06-07;69;Rhône;16.0;22.65;19.33
2021-06-07;02;Aisne;8.1;23.7;15.9
2021-06-07;09;Ariège;12.2;23.5;17.85
2021-06-07;94;Val-de-Marne;12.4;23.9;18.15
2021-06-07;07;Ardèche;15.5;25.5;20.5
2021-06-07;05;Hautes-Alpes;9.8;24.6;17.2
2021-06-07;73;Savoie;15.5;23.05;19.27
2021-06-07;76;Seine-Maritime;10.17;17.6;13.89
2021-06-07;72;Sarthe;13.2;25.9;19.55
2021-06-07;50;Manche;12.07;15.95;14.01
2021-06-07;13;Bouches-du-Rhône;16.73;25.86;21.29
2021-06-07;11;Aude;15.6;27.45;21.52
2021-06-08;53;Mayenne;12.1;26.8;19.45
2021-06-08;12;Aveyron;9.85;23.95;16.9
2021-06-08;52;Haute-Marne;14.85;23.5;19.18
2021-06-08;60;Oise;9.45;24.4;16.92
2021-06-08;33;Gironde;14.23;28.33;21.28
2021-06-08;10;Aube;11.5;25.3;18.4
2021-06-08;56;Morbihan;11.97;20.47;16.22
2021-06-08;55;Meuse;13.2;25.1;19.15
2021-06-08;09;Ariège;9.8;27.1;18.45
2021-06-08;86;Vienne;11.6;27.2;19.4
2021-06-08;71;Saône-et-Loire;13.45;24.65;19.05
2021-06-08;39;Jura;14.0;23.5;18.75
2021-06-08;37;Indre-et-Loire;13.6;26.0;19.8
2021-06-08;2B;Haute-Corse;16.94;24.51;20.73
2021-06-08;91;Essonne;13.3;25.9;19.6
2021-06-08;04;Alpes-de-Haute-Provence;15.5;25.6;20.55
2021-06-08;48;Lozère;9.7;21.5;15.6
2021-06-08;74;Haute-Savoie;12.5;19.4;15.95
2021-06-08;34;Hérault;16.93;29.37;23.15
2021-06-08;88;Vosges;14.6;23.33;18.97
2021-06-08;49;Maine-et-Loire;12.4;27.3;19.85
2021-06-08;42;Loire;12.39;24.15;18.27
2021-06-08;35;Ille-et-Vilaine;10.8;24.1;17.45
2021-06-08;2A;Corse-du-Sud;17.76;23.84;20.8
2021-06-09;74;Haute-Savoie;11.62;20.18;15.9
2021-06-09;58;Nièvre;8.9;26.5;17.7
2021-06-09;95;Val-d'Oise;12.27;26.97;19.62
2021-06-09;11;Aude;16.8;30.8;23.8
2021-06-09;60;Oise;9.65;26.45;18.05
2021-06-09;29;Finistère;11.56;19.03;15.3
2021-06-09;84;Vaucluse;17.9;30.1;24.0
2021-06-09;32;Gers;13.8;27.9;20.85
2021-06-09;85;Vendée;13.25;23.85;18.55
2021-06-09;51;Marne;14.8;25.8;20.3
2021-06-09;38;Isère;15.95;26.0;20.98
2021-06-09;56;Morbihan;12.73;20.0;16.37
2021-06-09;82;Tarn-et-Garonne;13.0;29.0;21.0
2021-06-09;08;Ardennes;9.2;26.2;17.7
2021-06-09;72;Sarthe;14.0;29.2;21.6
2021-06-09;2B;Haute-Corse;17.41;26.99;22.2
2021-06-09;63;Puy-de-Dôme;11.3;26.6;18.95
2021-06-09;24;Dordogne;10.4;29.1;19.75
2021-06-09;70;Haute-Saône;12.8;24.9;18.85
2021-06-09;23;Creuse;7.8;26.2;17.0
2021-06-09;18;Cher;12.05;27.0;19.52
2021-06-10;66;Pyrénées-Orientales;21.3;31.15;26.22
2021-06-10;10;Aube;10.2;27.6;18.9
2021-06-10;29;Finistère;14.65;19.59;17.12
2021-06-10;52;Haute-Marne;13.8;27.2;20.5
2021-06-10;51;Marne;10.6;26.75;18.68
2021-06-10;53;Mayenne;13.5;26.9;20.2
2021-06-10;83;Var;17.53;26.13;21.83
2021-06-10;23;Creuse;8.9;26.9;17.9
2021-06-10;64;Pyrénées-Atlantiques;16.07;24.27;20.17
2021-06-10;34;Hérault;18.67;31.6;25.13
2021-06-10;26;Drôme;18.2;28.3;23.25
2021-06-10;41;Loir-et-Cher;12.75;28.8;20.78
2021-06-11;31;Haute-Garonne;18.3;29.1;23.7
2021-06-11;16;Charente;16.4;30.9;23.65
2021-06-11;86;Vienne;15.9;28.5;22.2
2021-06-11;06;Alpes-Maritimes;19.74;25.0;22.37
2021-06-11;79;Deux-Sèvres;17.3;29.2;23.25
2021-06-11;43;Haute-Loire;10.3;24.6;17.45
2021-06-11;62;Pas-de-Calais;12.5;15.55;14.02
2021-06-11;80;Somme;12.65;20.8;16.73
2021-06-11;14;Calvados;12.66;21.15;16.9
2021-06-11;74;Haute-Savoie;11.82;23.52;17.67
2021-06-11;2A;Corse-du-Sud;16.22;26.98;21.6
2021-06-11;12;Aveyron;14.2;27.25;20.72
2021-06-11;91;Essonne;14.7;27.6;21.15
2021-06-11;56;Morbihan;13.83;22.93;18.38
2021-06-11;30;Gard;16.57;29.47;23.02
2021-06-11;67;Bas-Rhin;14.8;29.8;22.3
2021-06-11;82;Tarn-et-Garonne;17.1;30.4;23.75
2021-06-12;44;Loire-Atlantique;14.89;26.3;20.6
2021-06-12;46;Lot;14.6;30.1;22.35
2021-06-12;90;Territoire de Belfort;14.7;26.95;20.82
2021-06-12;02;Aisne;12.2;22.2;17.2
2021-06-12;93;Seine-Saint-Denis;15.4;23.5;19.45
2021-06-12;87;Haute-Vienne;18.4;27.9;23.15
2021-06-12;71;Saône-et-Loire;15.45;28.5;21.98
2021-06-12;2B;Haute-Corse;18.69;27.71;23.2
2021-06-12;14;Calvados;12.63;18.76;15.7
2021-06-12;32;Gers;17.2;28.0;22.6
2021-06-12;76;Seine-Maritime;12.88;18.27;15.58
2021-06-12;52;Haute-Marne;15.05;25.55;20.3
2021-06-12;56;Morbihan;14.4;24.03;19.22
2021-06-12;30;Gard;17.63;29.73;23.68
2021-06-12;62;Pas-de-Calais;12.6;19.15;15.88
2021-06-12;24;Dordogne;14.95;31.3;23.12
2021-06-12;54;Meurthe-et-Moselle;15.45;24.7;20.08
2021-06-12;12;Aveyron;14.65;28.3;21.48
2021-06-12;34;Hérault;20.27;31.57;25.92
2021-06-12;51;Marne;12.5;24.3;18.4
2021-06-12;22;Côtes-d'Armor;13.8;18.97;16.38
2021-06-12;59;Nord;14.2;21.25;17.73
2021-06-13;78;Yvelines;13.63;25.7;19.67
2021-06-13;67;Bas-Rhin;14.9;27.0;20.95
2021-06-13;10;Aube;12.3;26.2;19.25
2021-06-13;01;Ain;14.7;27.4;21.05
2021-06-13;75;Paris;15.5;27.4;21.45
2021-06-13;57;Moselle;12.5;25.5;19.0
2021-06-13;43;Haute-Loire;11.7;25.3;18.5
2021-06-13;69;Rhône;18.25;28.85;23.55
2021-06-13;59;Nord;12.2;22.35;17.27
2021-06-13;62;Pas-de-Calais;11.75;21.35;16.55
2021-06-13;40;Landes;16.8;33.57;25.18
2021-06-13;89;Yonne;13.0;25.9;19.45
2021-06-13;32;Gers;15.6;33.6;24.6
2021-06-13;73;Savoie;14.0;29.6;21.8
2021-06-13;22;Côtes-d'Armor;11.3;22.23;16.77
2021-06-13;48;Lozère;13.0;27.5;20.25
2021-06-13;64;Pyrénées-Atlantiques;17.3;31.23;24.27
2021-06-13;02;Aisne;10.8;24.5;17.65
2021-06-14;61;Orne;11.9;29.3;20.6
2021-06-14;68;Haut-Rhin;10.4;29.0;19.7
2021-06-14;78;Yvelines;13.43;29.9;21.67
2021-06-14;82;Tarn-et-Garonne;16.7;32.7;24.7
2021-06-14;64;Pyrénées-Atlantiques;18.57;27.03;22.8
2021-06-14;79;Deux-Sèvres;17.0;31.7;24.35
2021-06-14;87;Haute-Vienne;17.8;28.8;23.3
2021-06-14;93;Seine-Saint-Denis;13.4;29.9;21.65
2021-06-14;27;Eure;11.2;28.1;19.65
2021-06-14;14;Calvados;13.55;24.81;19.18
2021-06-14;24;Dordogne;14.45;32.45;23.45
2021-06-14;03;Allier;10.9;30.2;20.55
2021-06-14;19;Corrèze;16.3;32.2;24.25
2021-06-14;33;Gironde;19.73;30.93;25.33
2021-06-14;10;Aube;8.8;29.0;18.9
2021-06-14;34;Hérault;20.73;32.53;26.63
2021-06-14;17;Charente-Maritime;18.91;25.09;22.0
2021-06-14;2B;Haute-Corse;19.42;27.66;23.54
2021-06-14;30;Gard;18.37;31.47;24.92
2021-06-14;26;Drôme;20.0;32.2;26.1
2021-06-14;01;Ain;12.2;28.9;20.55
2021-06-14;13;Bouches-du-Rhône;19.59;28.11;23.85
2021-06-14;25;Doubs;13.7;29.2;21.45
2021-06-15;37;Indre-et-Loire;16.5;29.4;22.95
2021-06-15;45;Loiret;14.6;29.7;22.15
2021-06-15;73;Savoie;14.95;30.6;22.78
2021-06-15;91;Essonne;17.2;30.7;23.95
2021-06-15;2B;Haute-Corse;19.63;27.87;23.75
2021-06-15;82;Tarn-et-Garonne;19.9;32.8;26.35
2021-06-15;78;Yvelines;15.1;28.57;21.83
2021-06-15;26;Drôme;20.1;32.3;26.2
2021-06-15;76;Seine-Maritime;13.35;22.83;18.09
2021-06-15;65;Hautes-Pyrénées;16.2;29.6;22.9
2021-06-15;01;Ain;15.0;29.9;22.45
2021-06-15;30;Gard;19.43;30.8;25.12
2021-06-15;75;Paris;18.2;30.1;24.15
2021-06-15;54;Meurthe-et-Moselle;12.35;30.0;21.18
2021-06-15;87;Haute-Vienne;18.2;29.0;23.6
2021-06-15;18;Cher;13.7;31.25;22.48
2021-06-15;84;Vaucluse;16.4;34.73;25.57
2021-06-15;71;Saône-et-Loire;15.35;30.75;23.05
2021-06-15;17;Charente-Maritime;18.91;26.15;22.53
2021-06-15;92;Hauts-de-Seine;15.5;28.5;22.0
2021-06-15;42;Loire;13.3;30.1;21.7
2021-06-16;43;Haute-Loire;11.6;29.7;20.65
2021-06-16;01;Ain;14.6;32.6;23.6
2021-06-16;95;Val-d'Oise;16.33;31.77;24.05
2021-06-16;14;Calvados;13.14;26.64;19.89
2021-06-16;07;Ardèche;17.7;32.7;25.2
2021-06-16;54;Meurthe-et-Moselle;14.8;31.55;23.17
2021-06-16;64;Pyrénées-Atlantiques;19.57;31.97;25.77
2021-06-16;23;Creuse;12.2;32.4;22.3
2021-06-16;56;Morbihan;16.73;25.83;21.28
2021-06-16;08;Ardennes;11.6;31.0;21.3
2021-06-16;60;Oise;13.9;30.6;22.25
2021-06-16;37;Indre-et-Loire;16.2;30.8;23.5
2021-06-16;78;Yvelines;16.83;31.17;24.0
2021-06-16;26;Drôme;17.3;33.1;25.2
2021-06-16;67;Bas-Rhin;15.8;33.5;24.65
2021-06-16;51;Marne;14.85;31.65;23.25
2021-06-16;29;Finistère;13.45;20.02;16.73
2021-06-16;72;Sarthe;18.5;32.0;25.25
2021-06-16;36;Indre;15.3;32.7;24.0
2021-06-16;30;Gard;18.83;27.27;23.05
2021-06-16;57;Moselle;15.9;31.6;23.75
2021-06-16;25;Doubs;14.8;31.9;23.35
2021-06-16;73;Savoie;14.95;31.55;23.25
2021-06-16;06;Alpes-Maritimes;21.39;26.13;23.76
2021-06-16;16;Charente;18.2;33.1;25.65
2021-06-17;92;Hauts-de-Seine;17.9;25.9;21.9
2021-06-17;52;Haute-Marne;20.2;31.3;25.75
2021-06-17;14;Calvados;16.2;21.19;18.69
2021-06-17;30;Gard;18.03;25.43;21.73
2021-06-17;25;Doubs;18.0;31.6;24.8
2021-06-17;84;Vaucluse;19.97;31.53;25.75
2021-06-17;56;Morbihan;14.93;19.33;17.13
2021-06-17;01;Ain;21.3;30.8;26.05
2021-06-17;24;Dordogne;17.8;26.35;22.08
2021-06-17;53;Mayenne;17.4;25.8;21.6
2021-06-17;95;Val-d'Oise;18.87;27.97;23.42
2021-06-17;17;Charente-Maritime;19.53;21.77;20.65
2021-06-17;50;Manche;14.19;15.44;14.82
2021-06-17;19;Corrèze;19.5;26.5;23.0
2021-06-17;81;Tarn;16.9;28.0;22.45
2021-06-17;73;Savoie;17.35;31.7;24.52
2021-06-17;66;Pyrénées-Orientales;21.1;25.8;23.45
2021-06-17;67;Bas-Rhin;17.1;33.3;25.2
2021-06-17;37;Indre-et-Loire;17.2;24.3;20.75
2021-06-17;82;Tarn-et-Garonne;17.9;26.8;22.35
2021-06-17;43;Haute-Loire;18.5;25.1;21.8
2021-06-17;15;Cantal;16.3;23.3;19.8
2021-06-17;28;Eure-et-Loir;17.45;26.0;21.72
2021-06-17;64;Pyrénées-Atlantiques;17.87;20.97;19.42
2021-06-18;84;Vaucluse;19.57;31.63;25.6
2021-06-18;38;Isère;17.65;31.35;24.5
2021-06-18;68;Haut-Rhin;20.5;32.55;26.52
2021-06-18;57;Moselle;18.8;30.4;24.6
2021-06-18;72;Sarthe;17.5;22.0;19.75
2021-06-18;45;Loiret;17.6;25.2;21.4
2021-06-18;24;Dordogne;15.25;28.0;21.62
2021-06-18;81;Tarn;15.9;29.9;22.9
2021-06-18;71;Saône-et-Loire;17.65;30.8;24.22
2021-06-18;31;Haute-Garonne;15.27;29.5;22.38
2021-06-18;34;Hérault;22.43;26.9;24.67
2021-06-18;70;Haute-Saône;18.0;29.8;23.9
2021-06-18;01;Ain;17.7;31.4;24.55
2021-06-18;35;Ille-et-Vilaine;14.55;16.7;15.62
2021-06-18;09;Ariège;11.4;26.7;19.05
2021-06-18;11;Aude;18.15;27.85;23.0
2021-06-18;54;Meurthe-et-Moselle;18.35;30.5;24.42
2021-06-18;74;Haute-Savoie;16.88;26.26;21.57
2021-06-18;59;Nord;18.25;25.0;21.62
2021-06-19;03;Allier;15.5;32.9;24.2
2021-06-19;70;Haute-Saône;16.5;31.8;24.15
2021-06-19;17;Charente-Maritime;17.69;21.72;19.7
2021-06-19;21;Côte-d'Or;17.1;30.7;23.9
2021-06-19;89;Yonne;15.1;31.1;23.1
2021-06-19;61;Orne;14.7;20.8;17.75
2021-06-19;23;Creuse;13.8;29.5;21.65
2021-06-19;75;Paris;18.2;26.8;22.5
2021-06-19;86;Vienne;17.1;25.0;21.05
2021-06-19;80;Somme;13.9;19.15;16.52
2021-06-19;32;Gers;18.3;30.7;24.5
2021-06-19;31;Haute-Garonne;20.63;29.8;25.22
2021-06-19;30;Gard;17.17;24.57;20.87
2021-06-19;08;Ardennes;12.6;28.9;20.75
2021-06-19;09;Ariège;15.7;28.3;22.0
2021-06-19;34;Hérault;21.93;25.93;23.93
2021-06-19;47;Lot-et-Garonne;18.7;29.1;23.9
2021-06-19;57;Moselle;16.7;31.8;24.25
2021-06-20;40;Landes;16.2;25.5;20.85
2021-06-20;33;Gironde;15.97;24.6;20.28
2021-06-20;51;Marne;16.8;25.1;20.95
2021-06-20;39;Jura;17.3;26.7;22.0
2021-06-20;32;Gers;17.3;26.8;22.05
2021-06-20;80;Somme;13.75;22.15;17.95
2021-06-20;12;Aveyron;15.95;23.85;19.9
2021-06-20;82;Tarn-et-Garonne;17.4;27.7;22.55
2021-06-20;46;Lot;15.9;25.4;20.65
2021-06-20;03;Allier;16.7;22.7;19.7
2021-06-20;47;Lot-et-Garonne;17.5;27.5;22.5
2021-06-20;36;Indre;14.5;23.6;19.05
2021-06-20;24;Dordogne;15.9;25.55;20.72
2021-06-20;25;Doubs;17.7;27.9;22.8
2021-06-20;13;Bouches-du-Rhône;22.83;28.83;25.83
2021-06-20;62;Pas-de-Calais;14.2;20.0;17.1
2021-06-21;48;Lozère;11.8;20.3;16.05
2021-06-21;01;Ain;14.3;28.1;21.2
2021-06-21;21;Côte-d'Or;14.0;26.1;20.05
2021-06-21;44;Loire-Atlantique;14.48;21.04;17.76
2021-06-21;07;Ardèche;16.2;28.1;22.15
2021-06-21;65;Hautes-Pyrénées;13.9;23.4;18.65
2021-06-21;25;Doubs;14.6;25.8;20.2
2021-06-21;27;Eure;15.7;23.5;19.6
2021-06-21;2B;Haute-Corse;21.87;27.54;24.71
2021-06-21;84;Vaucluse;18.13;31.13;24.63
2021-06-21;81;Tarn;14.9;27.5;21.2
2021-06-21;15;Cantal;12.4;21.3;16.85
2021-06-21;51;Marne;16.35;25.1;20.72
2021-06-21;80;Somme;14.85;20.95;17.9
2021-06-21;43;Haute-Loire;10.5;21.1;15.8
2021-06-21;63;Puy-de-Dôme;14.2;24.1;19.15
2021-06-21;39;Jura;14.3;26.1;20.2
2021-06-21;18;Cher;12.65;23.35;18.0
2021-06-21;04;Alpes-de-Haute-Provence;16.6;28.4;22.5
2021-06-21;34;Hérault;21.57;27.0;24.28
2021-06-21;41;Loir-et-Cher;12.75;23.8;18.27
2021-06-21;28;Eure-et-Loir;14.5;24.55;19.52
2021-06-21;09;Ariège;10.4;24.9;17.65
2021-06-22;39;Jura;15.5;24.1;19.8
2021-06-22;04;Alpes-de-Haute-Provence;17.2;27.8;22.5
2021-06-22;62;Pas-de-Calais;12.35;14.15;13.25
2021-06-22;58;Nièvre;13.2;23.4;18.3
2021-06-22;28;Eure-et-Loir;12.15;21.85;17.0
2021-06-22;26;Drôme;16.2;28.2;22.2
2021-06-22;90;Territoire de Belfort;15.45;23.6;19.52
2021-06-22;35;Ille-et-Vilaine;12.6;14.55;13.58
2021-06-22;93;Seine-Saint-Denis;14.1;17.4;15.75
2021-06-22;48;Lozère;8.2;21.2;14.7
2021-06-22;47;Lot-et-Garonne;14.0;23.3;18.65
2021-06-22;89;Yonne;14.2;23.3;18.75
2021-06-22;64;Pyrénées-Atlantiques;14.33;21.0;17.67
2021-06-23;88;Vosges;13.33;24.73;19.03
2021-06-23;77;Seine-et-Marne;13.4;17.7;15.55
2021-06-23;05;Hautes-Alpes;10.9;25.3;18.1
2021-06-23;71;Saône-et-Loire;13.65;24.35;19.0
2021-06-23;78;Yvelines;12.27;15.53;13.9
2021-06-23;66;Pyrénées-Orientales;17.45;25.45;21.45
2021-06-23;25;Doubs;13.5;24.3;18.9
2021-06-23;50;Manche;12.27;15.35;13.81
2021-06-23;2B;Haute-Corse;20.39;28.9;24.64
2021-06-23;30;Gard;13.33;24.0;18.67
2021-06-23;24;Dordogne;12.85;22.4;17.62
2021-06-23;23;Creuse;12.1;21.1;16.6
2021-06-23;63;Puy-de-Dôme;11.7;23.0;17.35
2021-06-23;28;Eure-et-Loir;12.45;16.35;14.4
2021-06-23;91;Essonne;13.1;16.6;14.85
2021-06-23;43;Haute-Loire;8.0;21.3;14.65
2021-06-23;44;Loire-Atlantique;12.38;18.28;15.33
2021-06-23;74;Haute-Savoie;12.52;22.0;17.26
2021-06-23;42;Loire;10.75;22.8;16.77
2021-06-23;41;Loir-et-Cher;13.15;18.5;15.82
2021-06-24;39;Jura;16.0;18.4;17.2
2021-06-24;59;Nord;12.85;19.0;15.92
2021-06-24;26;Drôme;14.8;26.2;20.5
2021-06-24;51;Marne;12.3;18.65;15.48
2021-06-24;08;Ardennes;11.8;18.5;15.15
2021-06-24;46;Lot;13.1;20.5;16.8
2021-06-24;35;Ille-et-Vilaine;8.3;21.25;14.77
2021-06-24;34;Hérault;16.63;27.03;21.83
2021-06-24;11;Aude;15.35;25.5;20.42
2021-06-24;30;Gard;12.87;23.1;17.98
2021-06-24;85;Vendée;13.05;21.65;17.35
2021-06-24;68;Haut-Rhin;14.05;23.0;18.52
2021-06-24;88;Vosges;14.8;20.0;17.4
2021-06-24;63;Puy-de-Dôme;14.4;17.9;16.15
2021-06-24;2B;Haute-Corse;20.84;28.16;24.5
2021-06-24;64;Pyrénées-Atlantiques;14.3;20.93;17.62
2021-06-24;94;Val-de-Marne;12.9;21.7;17.3
2021-06-24;65;Hautes-Pyrénées;11.6;19.7;15.65
2021-06-24;18;Cher;13.05;20.4;16.73
2021-06-24;24;Dordogne;15.0;21.85;18.42
2021-06-24;71;Saône-et-Loire;14.15;18.05;16.1
2021-06-25;09;Ariège;14.4;24.5;19.45
2021-06-25;70;Haute-Saône;14.0;21.3;17.65
2021-06-25;32;Gers;12.4;26.1;19.25
2021-06-25;43;Haute-Loire;9.1;19.8;14.45
2021-06-25;47;Lot-et-Garonne;13.0;25.2;19.1
2021-06-25;42;Loire;9.0;22.1;15.55
2021-06-25;62;Pas-de-Calais;13.5;15.6;14.55
2021-06-25;26;Drôme;15.4;23.9;19.65
2021-06-25;90;Territoire de Belfort;13.8;21.75;17.77
2021-06-25;89;Yonne;9.9;24.3;17.1
2021-06-25;75;Paris;11.2;21.4;16.3
2021-06-26;88;Vosges;10.77;26.0;18.38
2021-06-26;58;Nièvre;10.9;25.4;18.15
2021-06-26;37;Indre-et-Loire;14.7;23.0;18.85
2021-06-26;17;Charente-Maritime;15.97;20.65;18.31
2021-06-26;18;Cher;13.85;26.4;20.12
2021-06-26;19;Corrèze;10.1;28.5;19.3
2021-06-26;90;Territoire de Belfort;11.6;25.2;18.4
2021-06-26;43;Haute-Loire;6.0;25.2;15.6
2021-06-26;42;Loire;8.95;25.9;17.42
2021-06-26;12;Aveyron;9.9;26.75;18.33
2021-06-26;36;Indre;11.3;25.2;18.25
2021-06-26;33;Gironde;12.5;26.33;19.42
2021-06-26;29;Finistère;9.46;16.42;12.94
2021-06-26;2B;Haute-Corse;18.9;27.56;23.23
2021-06-26;65;Hautes-Pyrénées;13.5;28.5;21.0
2021-06-26;85;Vendée;14.0;20.35;17.18
2021-06-26;63;Puy-de-Dôme;11.6;27.2;19.4
2021-06-26;46;Lot;9.6;29.3;19.45
2021-06-26;94;Val-de-Marne;15.0;22.5;18.75
2021-06-26;57;Moselle;12.0;25.0;18.5
2021-06-26;22;Côtes-d'Armor;8.37;15.13;11.75
2021-06-27;93;Seine-Saint-Denis;16.9;23.6;20.25
2021-06-27;74;Haute-Savoie;13.12;25.41;19.27
2021-06-27;85;Vendée;14.65;20.05;17.35
2021-06-27;90;Territoire de Belfort;14.2;26.35;20.27
2021-06-27;92;Hauts-de-Seine;16.8;22.0;19.4
2021-06-27;16;Charente;15.1;17.9;16.5
2021-06-27;23;Creuse;14.4;22.1;18.25
2021-06-27;32;Gers;16.4;22.0;19.2
2021-06-27;53;Mayenne;14.2;19.8;17.0
2021-06-27;24;Dordogne;16.6;19.35;17.98
2021-06-27;21;Côte-d'Or;14.9;24.5;19.7
2021-06-27;65;Hautes-Pyrénées;14.6;18.7;16.65
2021-06-27;25;Doubs;14.9;24.7;19.8
2021-06-27;2B;Haute-Corse;18.96;28.39;23.67
2021-06-27;60;Oise;15.6;22.6;19.1
2021-06-27;76;Seine-Maritime;16.27;21.02;18.65
2021-06-27;43;Haute-Loire;12.5;24.7;18.6
2021-06-27;38;Isère;14.4;29.95;22.17
2021-06-27;47;Lot-et-Garonne;16.9;21.4;19.15
2021-06-27;42;Loire;15.95;28.3;22.12
2021-06-27;83;Var;17.67;27.2;22.43
2021-06-28;38;Isère;15.5;25.2;20.35
2021-06-28;43;Haute-Loire;13.6;23.6;18.6
2021-06-28;23;Creuse;13.6;22.3;17.95
2021-06-28;39;Jura;16.8;21.1;18.95
2021-06-28;42;Loire;14.3;25.25;19.77
2021-06-28;95;Val-d'Oise;16.5;24.67;20.58
2021-06-28;34;Hérault;18.93;26.47;22.7
2021-06-28;32;Gers;12.1;23.0;17.55
2021-06-28;74;Haute-Savoie;15.12;24.5;19.81
2021-06-28;50;Manche;13.13;17.46;15.3
2021-06-28;91;Essonne;16.1;24.9;20.5
2021-06-28;28;Eure-et-Loir;13.95;22.5;18.23
2021-06-28;06;Alpes-Maritimes;20.91;29.15;25.03
2021-06-28;80;Somme;14.35;22.8;18.58
2021-06-28;68;Haut-Rhin;17.45;28.3;22.88
2021-06-28;75;Paris;16.9;25.7;21.3
2021-06-28;19;Corrèze;12.7;23.3;18.0
2021-06-28;69;Rhône;17.85;21.85;19.85
2021-06-28;85;Vendée;11.95;19.4;15.68
2021-06-28;71;Saône-et-Loire;15.4;23.85;19.62
2021-06-28;67;Bas-Rhin;18.1;28.6;23.35
2021-06-28;22;Côtes-d'Armor;10.23;18.23;14.23
2021-06-28;76;Seine-Maritime;14.48;20.42;17.45
2021-06-28;11;Aude;16.9;25.8;21.35
2021-06-28;08;Ardennes;13.5;23.7;18.6
2021-06-28;66;Pyrénées-Orientales;18.95;27.1;23.02
2021-06-29;12;Aveyron;11.85;18.4;15.12
2021-06-29;78;Yvelines;12.13;18.6;15.37
2021-06-29;43;Haute-Loire;11.4;18.0;14.7
2021-06-29;38;Isère;15.45;25.95;20.7
2021-06-29;05;Hautes-Alpes;12.5;24.8;18.65
2021-06-29;44;Loire-Atlantique;11.8;20.62;16.21
2021-06-29;80;Somme;13.65;19.15;16.4
2021-06-29;35;Ille-et-Vilaine;10.4;20.85;15.62
2021-06-29;63;Puy-de-Dôme;15.0;20.8;17.9
2021-06-29;19;Corrèze;15.2;20.0;17.6
2021-06-29;03;Allier;14.0;19.4;16.7
2021-06-29;60;Oise;10.2;19.25;14.73
2021-06-29;73;Savoie;14.9;24.4;19.65
2021-06-29;57;Moselle;12.8;20.7;16.75
2021-06-30;55;Meuse;12.83;15.8;14.32
2021-06-30;27;Eure;13.1;18.4;15.75
2021-06-30;29;Finistère;13.79;18.61;16.2
2021-06-30;74;Haute-Savoie;9.81;17.4;13.61
2021-06-30;02;Aisne;12.4;16.0;14.2
2021-06-30;03;Allier;10.9;22.5;16.7
2021-06-30;06;Alpes-Maritimes;19.4;29.71;24.56
2021-06-30;16;Charente;14.8;23.9;19.35
2021-06-30;41;Loir-et-Cher;13.8;20.8;17.3
2021-06-30;72;Sarthe;15.5;19.8;17.65
2021-06-30;73;Savoie;11.3;21.9;16.6
2021-06-30;81;Tarn;13.0;23.8;18.4
2021-06-30;91;Essonne;13.7;18.6;16.15
2021-06-30;46;Lot;10.5;23.5;17.0
2021-06-30;59;Nord;13.45;15.55;14.5
2021-06-30;65;Hautes-Pyrénées;12.9;21.0;16.95
2021-07-01;15;Cantal;7.3;23.7;15.5
2021-07-01;71;Saône-et-Loire;13.5;24.8;19.15
2021-07-01;2A;Corse-du-Sud;18.98;26.47;22.73
2021-07-01;2B;Haute-Corse;21.44;30.11;25.78
2021-07-01;72;Sarthe;12.6;26.5;19.55
2021-07-01;05;Hautes-Alpes;9.0;25.5;17.25
2021-07-01;86;Vienne;12.3;25.7;19.0
2021-07-01;83;Var;18.55;28.94;23.74
2021-07-01;82;Tarn-et-Garonne;11.9;27.7;19.8
2021-07-01;11;Aude;15.4;27.65;21.52
2021-07-01;91;Essonne;12.6;23.6;18.1
2021-07-01;49;Maine-et-Loire;12.7;26.2;19.45
2021-07-01;47;Lot-et-Garonne;11.8;27.4;19.6
2021-07-01;45;Loiret;9.2;24.2;16.7
2021-07-01;56;Morbihan;14.9;21.37;18.13
2021-07-01;26;Drôme;16.8;27.4;22.1
2021-07-01;88;Vosges;13.5;21.6;17.55
2021-07-01;27;Eure;9.6;23.3;16.45
2021-07-01;23;Creuse;11.8;24.9;18.35
2021-07-02;84;Vaucluse;16.93;32.47;24.7
2021-07-02;83;Var;19.57;28.47;24.02
2021-07-02;33;Gironde;17.1;28.07;22.58
2021-07-02;81;Tarn;15.0;30.4;22.7
2021-07-02;47;Lot-et-Garonne;16.0;30.7;23.35
2021-07-02;36;Indre;11.8;28.1;19.95
2021-07-02;07;Ardèche;15.5;30.1;22.8
2021-07-02;37;Indre-et-Loire;13.2;27.0;20.1
2021-07-02;31;Haute-Garonne;17.33;31.8;24.57
2021-07-02;27;Eure;13.5;25.6;19.55
2021-07-02;75;Paris;16.0;27.4;21.7
2021-07-02;72;Sarthe;15.5;26.7;21.1
2021-07-02;58;Nièvre;10.3;26.7;18.5
2021-07-02;92;Hauts-de-Seine;13.5;26.8;20.15
2021-07-02;01;Ain;10.7;26.4;18.55
2021-07-02;21;Côte-d'Or;9.4;26.4;17.9
2021-07-02;95;Val-d'Oise;12.43;25.4;18.92
2021-07-03;94;Val-de-Marne;17.5;23.8;20.65
2021-07-03;52;Haute-Marne;14.9;24.2;19.55
2021-07-03;65;Hautes-Pyrénées;18.3;25.4;21.85
2021-07-03;50;Manche;15.09;18.72;16.9
2021-07-03;27;Eure;14.9;22.5;18.7
2021-07-03;93;Seine-Saint-Denis;18.1;24.1;21.1
2021-07-03;43;Haute-Loire;14.4;21.6;18.0
2021-07-03;18;Cher;16.85;22.15;19.5
2021-07-03;76;Seine-Maritime;15.6;20.45;18.02
2021-07-03;14;Calvados;14.69;21.47;18.08
2021-07-03;29;Finistère;15.34;19.3;17.32
2021-07-03;74;Haute-Savoie;14.7;20.58;17.64
2021-07-03;86;Vienne;16.0;24.9;20.45
2021-07-03;46;Lot;18.0;26.0;22.0
2021-07-03;87;Haute-Vienne;15.6;22.6;19.1
2021-07-03;85;Vendée;15.15;21.7;18.42
2021-07-03;2B;Haute-Corse;20.53;28.91;24.72
2021-07-04;64;Pyrénées-Atlantiques;18.3;25.03;21.67
2021-07-04;77;Seine-et-Marne;14.9;23.8;19.35
2021-07-04;41;Loir-et-Cher;14.7;22.8;18.75
2021-07-04;87;Haute-Vienne;14.2;19.6;16.9
2021-07-04;29;Finistère;14.5;17.85;16.17
2021-07-04;49;Maine-et-Loire;16.3;21.5;18.9
2021-07-04;25;Doubs;15.7;21.9;18.8
2021-07-04;54;Meurthe-et-Moselle;16.45;22.7;19.58
2021-07-04;39;Jura;14.5;22.9;18.7
2021-07-04;92;Hauts-de-Seine;15.1;22.2;18.65
2021-07-04;31;Haute-Garonne;18.17;24.53;21.35
2021-07-04;71;Saône-et-Loire;14.95;23.75;19.35
2021-07-04;86;Vienne;13.9;21.8;17.85
2021-07-04;38;Isère;14.9;22.75;18.82
2021-07-04;2A;Corse-du-Sud;18.62;27.47;23.04
2021-07-04;02;Aisne;14.2;22.4;18.3
2021-07-04;37;Indre-et-Loire;15.4;21.8;18.6
2021-07-04;09;Ariège;16.4;23.0;19.7
2021-07-04;73;Savoie;13.9;21.4;17.65
2021-07-04;93;Seine-Saint-Denis;15.6;23.3;19.45
2021-07-04;36;Indre;14.7;22.3;18.5
2021-07-04;50;Manche;15.53;17.36;16.44
2021-07-04;23;Creuse;14.7;21.6;18.15
2021-07-04;83;Var;19.12;25.85;22.49
2021-07-04;61;Orne;15.2;20.5;17.85
2021-07-04;42;Loire;15.55;24.05;19.8
2021-07-05;78;Yvelines;13.83;21.33;17.58
2021-07-05;63;Puy-de-Dôme;16.6;27.7;22.15
2021-07-05;03;Allier;17.0;27.0;22.0
2021-07-05;13;Bouches-du-Rhône;19.24;28.53;23.89
2021-07-05;05;Hautes-Alpes;9.7;29.0;19.35
2021-07-05;25;Doubs;15.7;25.9;20.8
2021-07-05;39;Jura;16.3;27.1;21.7
2021-07-05;27;Eure;13.9;20.5;17.2
2021-07-05;21;Côte-d'Or;15.6;26.7;21.15
2021-07-05;72;Sarthe;14.7;20.3;17.5
2021-07-05;02;Aisne;13.6;21.2;17.4
2021-07-05;26;Drôme;15.7;31.2;23.45
2021-07-05;60;Oise;13.9;21.6;17.75
2021-07-05;48;Lozère;10.4;25.8;18.1
2021-07-05;54;Meurthe-et-Moselle;15.0;24.85;19.92
2021-07-05;86;Vienne;15.5;24.8;20.15
2021-07-05;23;Creuse;15.2;24.6;19.9
2021-07-05;38;Isère;13.35;29.1;21.22
2021-07-05;56;Morbihan;13.77;17.27;15.52
2021-07-05;94;Val-de-Marne;14.0;23.1;18.55
2021-07-05;83;Var;20.77;29.31;25.04
2021-07-05;45;Loiret;14.8;21.9;18.35
2021-07-05;79;Deux-Sèvres;16.0;25.1;20.55
2021-07-05;49;Maine-et-Loire;15.1;20.8;17.95
2021-07-05;34;Hérault;18.43;28.2;23.32
2021-07-05;80;Somme;13.25;20.75;17.0
2021-07-05;70;Haute-Saône;15.4;25.3;20.35
2021-07-05;37;Indre-et-Loire;15.2;23.5;19.35
2021-07-05;51;Marne;14.75;23.35;19.05
2021-07-06;72;Sarthe;15.1;22.4;18.75
2021-07-06;2A;Corse-du-Sud;18.86;30.85;24.85
2021-07-06;37;Indre-et-Loire;14.4;23.2;18.8
2021-07-06;26;Drôme;18.2;29.3;23.75
2021-07-06;66;Pyrénées-Orientales;21.55;29.2;25.38
2021-07-06;43;Haute-Loire;13.2;17.8;15.5
2021-07-06;73;Savoie;14.7;25.95;20.32
2021-07-06;83;Var;19.08;26.4;22.74
2021-07-06;04;Alpes-de-Haute-Provence;16.0;30.0;23.0
2021-07-06;75;Paris;16.3;23.3;19.8
2021-07-06;56;Morbihan;13.7;17.63;15.67
2021-07-06;93;Seine-Saint-Denis;16.5;22.7;19.6
2021-07-06;14;Calvados;13.68;18.75;16.22
2021-07-06;74;Haute-Savoie;15.05;23.01;19.03
2021-07-06;24;Dordogne;17.55;22.4;19.98
2021-07-06;45;Loiret;14.3;23.0;18.65
2021-07-06;68;Haut-Rhin;14.05;21.95;18.0
2021-07-06;31;Haute-Garonne;18.13;22.27;20.2
2021-07-06;60;Oise;15.65;21.9;18.77
2021-07-06;41;Loir-et-Cher;14.25;23.9;19.08
2021-07-06;33;Gironde;17.73;23.2;20.47
2021-07-06;48;Lozère;14.0;18.5;16.25
2021-07-06;67;Bas-Rhin;14.0;19.5;16.75
2021-07-07;68;Haut-Rhin;13.85;24.7;19.27
2021-07-07;70;Haute-Saône;11.7;25.2;18.45
2021-07-07;50;Manche;13.13;17.69;15.41
2021-07-07;33;Gironde;16.3;20.47;18.38
2021-07-07;56;Morbihan;13.13;18.23;15.68
2021-07-07;92;Hauts-de-Seine;13.2;22.3;17.75
2021-07-07;37;Indre-et-Loire;14.5;23.4;18.95
2021-07-07;36;Indre;12.2;22.4;17.3
2021-07-07;83;Var;18.94;27.64;23.29
2021-07-07;80;Somme;13.1;21.65;17.38
2021-07-07;40;Landes;15.93;20.4;18.17
2021-07-07;16;Charente;14.7;22.4;18.55
2021-07-07;42;Loire;12.25;24.35;18.3
2021-07-07;43;Haute-Loire;9.6;22.7;16.15
2021-07-07;31;Haute-Garonne;15.67;23.77;19.72
2021-07-07;13;Bouches-du-Rhône;20.1;27.7;23.9
2021-07-07;45;Loiret;13.9;23.5;18.7
2021-07-07;15;Cantal;10.9;22.1;16.5
2021-07-07;78;Yvelines;13.57;22.7;18.13
2021-07-07;29;Finistère;12.94;17.0;14.97
2021-07-08;42;Loire;13.45;21.25;17.35
2021-07-08;40;Landes;14.37;21.6;17.98
2021-07-08;39;Jura;13.4;21.4;17.4
2021-07-08;59;Nord;12.95;21.45;17.2
2021-07-08;25;Doubs;14.9;21.4;18.15
2021-07-08;63;Puy-de-Dôme;14.3;22.3;18.3
2021-07-08;57;Moselle;15.0;20.5;17.75
2021-07-08;2B;Haute-Corse;23.23;30.53;26.88
2021-07-08;13;Bouches-du-Rhône;19.31;26.69;23.0
2021-07-08;08;Ardennes;11.1;23.5;17.3
2021-07-08;21;Côte-d'Or;15.5;22.9;19.2
2021-07-08;06;Alpes-Maritimes;21.71;29.85;25.78
2021-07-08;16;Charente;12.9;22.8;17.85
2021-07-08;17;Charente-Maritime;15.96;19.2;17.58
2021-07-08;85;Vendée;12.65;20.85;16.75
2021-07-09;33;Gironde;12.23;24.37;18.3
2021-07-09;91;Essonne;14.5;23.1;18.8
2021-07-09;56;Morbihan;13.97;18.87;16.42
2021-07-09;64;Pyrénées-Atlantiques;12.2;24.63;18.42
2021-07-09;03;Allier;13.4;24.4;18.9
2021-07-09;62;Pas-de-Calais;13.75;17.35;15.55
2021-07-09;78;Yvelines;12.6;21.87;17.23
2021-07-09;30;Gard;13.13;25.33;19.23
2021-07-09;79;Deux-Sèvres;10.0;21.8;15.9
2021-07-09;63;Puy-de-Dôme;11.6;24.4;18.0
2021-07-09;48;Lozère;8.1;22.6;15.35
2021-07-09;36;Indre;12.9;24.6;18.75
2021-07-09;84;Vaucluse;16.9;28.4;22.65
2021-07-09;39;Jura;12.2;24.9;18.55
2021-07-09;95;Val-d'Oise;13.47;22.3;17.88
2021-07-09;88;Vosges;13.37;23.97;18.67
2021-07-09;42;Loire;10.0;23.65;16.82
2021-07-09;46;Lot;10.5;24.6;17.55
2021-07-10;37;Indre-et-Loire;11.8;19.8;15.8
2021-07-10;59;Nord;14.25;19.4;16.82
2021-07-10;29;Finistère;13.87;18.22;16.05
2021-07-10;95;Val-d'Oise;15.2;20.03;17.62
2021-07-10;32;Gers;12.4;24.6;18.5
2021-07-10;46;Lot;10.9;24.6;17.75
2021-07-10;11;Aude;16.0;29.05;22.52
2021-07-10;35;Ille-et-Vilaine;13.15;20.6;16.88
2021-07-10;13;Bouches-du-Rhône;16.61;28.33;22.47
2021-07-10;47;Lot-et-Garonne;12.3;25.7;19.0
2021-07-10;50;Manche;13.71;16.06;14.88
2021-07-10;42;Loire;10.4;26.1;18.25
2021-07-10;62;Pas-de-Calais;13.8;17.5;15.65
2021-07-10;73;Savoie;10.95;27.45;19.2
2021-07-10;03;Allier;10.2;24.2;17.2
2021-07-10;21;Côte-d'Or;11.8;26.9;19.35
2021-07-11;31;Haute-Garonne;14.23;31.44;22.83
2021-07-11;32;Gers;12.0;29.2;20.6
2021-07-11;70;Haute-Saône;14.3;25.0;19.65
2021-07-11;2B;Haute-Corse;20.89;29.3;25.09
2021-07-11;02;Aisne;9.9;22.6;16.25
2021-07-11;85;Vendée;12.2;22.25;17.23
2021-07-11;68;Haut-Rhin;14.4;25.15;19.77
2021-07-11;69;Rhône;14.85;26.1;20.48
2021-07-11;44;Loire-Atlantique;13.29;20.7;17.0
2021-07-11;77;Seine-et-Marne;12.8;24.9;18.85
2021-07-11;14;Calvados;11.37;20.98;16.17
2021-07-11;79;Deux-Sèvres;13.3;26.1;19.7
2021-07-11;47;Lot-et-Garonne;13.3;28.7;21.0
2021-07-11;04;Alpes-de-Haute-Provence;14.2;31.1;22.65
2021-07-12;82;Tarn-et-Garonne;15.4;18.4;16.9
2021-07-12;77;Seine-et-Marne;14.5;24.1;19.3
2021-07-12;34;Hérault;20.43;27.07;23.75
2021-07-12;92;Hauts-de-Seine;15.4;22.9;19.15
2021-07-12;76;Seine-Maritime;14.32;18.85;16.59
2021-07-12;68;Haut-Rhin;11.9;26.5;19.2
2021-07-12;93;Seine-Saint-Denis;15.7;22.6;19.15
2021-07-12;41;Loir-et-Cher;14.2;22.25;18.23
2021-07-12;28;Eure-et-Loir;14.6;23.7;19.15
2021-07-12;87;Haute-Vienne;13.9;17.4;15.65
2021-07-12;63;Puy-de-Dôme;15.7;18.4;17.05
2021-07-12;26;Drôme;18.7;29.6;24.15
2021-07-12;64;Pyrénées-Atlantiques;15.2;18.63;16.92
2021-07-12;73;Savoie;13.3;27.5;20.4
2021-07-12;32;Gers;15.5;18.7;17.1
2021-07-12;24;Dordogne;15.85;19.3;17.58
2021-07-12;02;Aisne;14.2;21.5;17.85
2021-07-12;57;Moselle;13.6;20.2;16.9
2021-07-13;91;Essonne;15.7;18.5;17.1
2021-07-13;07;Ardèche;11.7;23.0;17.35
2021-07-13;04;Alpes-de-Haute-Provence;15.2;24.4;19.8
2021-07-13;37;Indre-et-Loire;13.5;19.2;16.35
2021-07-13;61;Orne;14.7;21.0;17.85
2021-07-13;90;Territoire de Belfort;13.4;18.65;16.02
2021-07-13;41;Loir-et-Cher;12.6;18.55;15.58
2021-07-13;2B;Haute-Corse;22.17;29.23;25.7
2021-07-13;86;Vienne;11.4;19.0;15.2
2021-07-13;84;Vaucluse;14.5;25.13;19.82
2021-07-13;36;Indre;12.1;18.4;15.25
2021-07-13;43;Haute-Loire;9.9;15.4;12.65
2021-07-13;89;Yonne;13.7;17.7;15.7
2021-07-13;81;Tarn;13.4;19.0;16.2
2021-07-13;33;Gironde;14.5;20.13;17.32
2021-07-13;54;Meurthe-et-Moselle;14.2;17.1;15.65
2021-07-13;09;Ariège;11.2;18.0;14.6
2021-07-13;46;Lot;12.2;18.7;15.45
2021-07-13;30;Gard;10.6;20.4;15.5
2021-07-13;95;Val-d'Oise;15.57;18.93;17.25
2021-07-13;64;Pyrénées-Atlantiques;14.4;19.7;17.05
2021-07-14;41;Loir-et-Cher;15.2;24.15;19.68
2021-07-14;44;Loire-Atlantique;15.35;22.58;18.96
2021-07-14;86;Vienne;13.6;23.5;18.55
2021-07-14;46;Lot;14.6;21.0;17.8
2021-07-14;87;Haute-Vienne;13.4;19.2;16.3
2021-07-14;40;Landes;15.43;21.13;18.28
2021-07-14;59;Nord;15.7;18.1;16.9
2021-07-14;19;Corrèze;15.7;22.8;19.25
2021-07-14;30;Gard;11.2;21.17;16.18
2021-07-14;65;Hautes-Pyrénées;12.8;19.2;16.0
2021-07-14;94;Val-de-Marne;15.3;22.0;18.65
2021-07-14;31;Haute-Garonne;14.63;21.3;17.97
2021-07-14;29;Finistère;14.4;18.83;16.61
2021-07-14;61;Orne;14.1;23.3;18.7
2021-07-14;11;Aude;16.2;25.1;20.65
2021-07-14;56;Morbihan;15.37;20.3;17.83
2021-07-14;68;Haut-Rhin;12.85;20.65;16.75
2021-07-14;07;Ardèche;10.4;22.8;16.6
2021-07-14;85;Vendée;14.95;21.95;18.45
2021-07-14;83;Var;17.54;26.88;22.21
2021-07-14;10;Aube;14.3;16.9;15.6
2021-07-15;67;Bas-Rhin;14.7;24.0;19.35
2021-07-15;90;Territoire de Belfort;13.7;18.55;16.12
2021-07-15;54;Meurthe-et-Moselle;14.65;17.95;16.3
2021-07-15;95;Val-d'Oise;15.43;24.9;20.17
2021-07-15;60;Oise;14.9;24.4;19.65
2021-07-15;77;Seine-et-Marne;15.7;25.5;20.6
2021-07-15;94;Val-de-Marne;15.9;24.7;20.3
2021-07-15;31;Haute-Garonne;14.95;22.67;18.81
2021-07-15;27;Eure;14.9;23.8;19.35
2021-07-15;14;Calvados;14.32;20.28;17.3
2021-07-15;35;Ille-et-Vilaine;12.75;22.8;17.77
2021-07-15;01;Ain;13.7;16.2;14.95
2021-07-15;40;Landes;14.57;23.2;18.88
2021-07-15;08;Ardennes;15.8;18.9;17.35
2021-07-16;86;Vienne;13.9;20.6;17.25
2021-07-16;77;Seine-et-Marne;15.6;20.2;17.9
2021-07-16;27;Eure;14.6;22.4;18.5
2021-07-16;61;Orne;12.5;22.5;17.5
2021-07-16;47;Lot-et-Garonne;16.4;27.3;21.85
2021-07-16;08;Ardennes;15.5;18.8;17.15
2021-07-16;52;Haute-Marne;14.85;20.55;17.7
2021-07-16;95;Val-d'Oise;15.83;21.53;18.68
2021-07-16;82;Tarn-et-Garonne;16.7;27.3;22.0
2021-07-16;31;Haute-Garonne;13.9;26.05;19.97
2021-07-16;46;Lot;15.0;24.2;19.6
2021-07-16;51;Marne;15.45;18.1;16.78
2021-07-16;12;Aveyron;13.7;22.15;17.92
2021-07-16;30;Gard;14.7;23.83;19.27
2021-07-16;80;Somme;14.25;21.05;17.65
2021-07-16;36;Indre;13.7;19.7;16.7
2021-07-16;58;Nièvre;15.5;19.7;17.6
2021-07-16;90;Territoire de Belfort;15.2;23.65;19.42
2021-07-16;93;Seine-Saint-Denis;16.4;21.3;18.85
2021-07-16;89;Yonne;15.0;17.3;16.15
2021-07-16;18;Cher;15.0;19.05;17.02
2021-07-16;19;Corrèze;14.0;24.3;19.15
2021-07-16;44;Loire-Atlantique;15.07;24.92;19.99
2021-07-16;42;Loire;14.91;20.09;17.5
2021-07-16;40;Landes;12.73;25.47;19.1
2021-07-16;23;Creuse;11.7;17.4;14.55
2021-07-17;29;Finistère;13.78;22.55;18.16
2021-07-17;66;Pyrénées-Orientales;21.35;30.75;26.05
2021-07-17;07;Ardèche;17.4;26.5;21.95
2021-07-17;12;Aveyron;13.7;23.55;18.62
2021-07-17;44;Loire-Atlantique;13.82;25.73;19.78
2021-07-17;90;Territoire de Belfort;14.85;23.95;19.4
2021-07-17;68;Haut-Rhin;15.8;23.85;19.82
2021-07-17;42;Loire;14.63;23.45;19.04
2021-07-17;52;Haute-Marne;15.0;23.35;19.17
2021-07-17;57;Moselle;14.4;25.2;19.8
2021-07-17;56;Morbihan;14.27;26.87;20.57
2021-07-17;21;Côte-d'Or;15.8;24.9;20.35
2021-07-17;27;Eure;11.5;25.2;18.35
2021-07-17;03;Allier;15.6;22.7;19.15
2021-07-17;26;Drôme;18.6;25.2;21.9
2021-07-17;86;Vienne;12.6;23.1;17.85
2021-07-17;60;Oise;12.05;25.9;18.98
2021-07-18;2B;Haute-Corse;23.04;32.23;27.63
2021-07-18;64;Pyrénées-Atlantiques;17.0;24.9;20.95
2021-07-18;54;Meurthe-et-Moselle;15.05;27.7;21.38
2021-07-18;21;Côte-d'Or;18.1;28.0;23.05
2021-07-18;30;Gard;18.03;28.63;23.33
2021-07-18;72;Sarthe;17.1;31.2;24.15
2021-07-18;66;Pyrénées-Orientales;23.15;31.65;27.4
2021-07-18;79;Deux-Sèvres;16.2;30.1;23.15
2021-07-18;65;Hautes-Pyrénées;14.6;26.1;20.35
2021-07-18;81;Tarn;14.9;30.9;22.9
2021-07-18;88;Vosges;15.17;27.5;21.33
2021-07-18;55;Meuse;13.8;28.2;21.0
2021-07-18;49;Maine-et-Loire;16.3;30.1;23.2
2021-07-18;90;Territoire de Belfort;17.8;26.0;21.9
2021-07-18;43;Haute-Loire;16.3;25.0;20.65
2021-07-19;94;Val-de-Marne;18.4;30.0;24.2
2021-07-19;17;Charente-Maritime;19.09;29.4;24.24
2021-07-19;80;Somme;14.0;27.7;20.85
2021-07-19;76;Seine-Maritime;15.72;27.28;21.5
2021-07-19;15;Cantal;9.7;28.7;19.2
2021-07-19;37;Indre-et-Loire;18.6;31.6;25.1
2021-07-19;63;Puy-de-Dôme;17.7;28.9;23.3
2021-07-19;2B;Haute-Corse;23.75;31.69;27.72
2021-07-19;95;Val-d'Oise;16.1;29.3;22.7
2021-07-19;38;Isère;15.84;28.64;22.24
2021-07-19;74;Haute-Savoie;15.2;25.88;20.54
2021-07-19;08;Ardennes;11.6;26.2;18.9
2021-07-19;50;Manche;16.73;23.78;20.26
2021-07-19;35;Ille-et-Vilaine;15.6;29.3;22.45
2021-07-20;88;Vosges;13.4;26.17;19.78
2021-07-20;61;Orne;16.5;29.8;23.15
2021-07-20;91;Essonne;18.4;28.5;23.45
2021-07-20;67;Bas-Rhin;14.1;26.7;20.4
2021-07-20;94;Val-de-Marne;18.4;28.5;23.45
2021-07-20;17;Charente-Maritime;20.52;29.95;25.23
2021-07-20;50;Manche;17.88;23.81;20.85
2021-07-20;2A;Corse-du-Sud;20.15;30.08;25.11
2021-07-20;46;Lot;19.5;32.0;25.75
2021-07-20;63;Puy-de-Dôme;12.7;28.9;20.8
2021-07-20;34;Hérault;21.17;31.87;26.52
2021-07-20;78;Yvelines;17.07;27.67;22.37
2021-07-20;09;Ariège;14.6;31.3;22.95
2021-07-20;80;Somme;15.0;27.3;21.15
2021-07-20;11;Aude;19.3;32.0;25.65
2021-07-20;82;Tarn-et-Garonne;17.9;33.9;25.9
2021-07-20;36;Indre;15.5;29.2;22.35
2021-07-20;51;Marne;12.35;26.75;19.55
2021-07-20;48;Lozère;14.8;29.8;22.3
2021-07-20;49;Maine-et-Loire;15.4;30.6;23.0
2021-07-20;53;Mayenne;16.8;29.4;23.1
2021-07-21;58;Nièvre;11.3;29.5;20.4
2021-07-21;24;Dordogne;16.6;33.05;24.82
2021-07-21;87;Haute-Vienne;19.2;28.8;24.0
2021-07-21;51;Marne;12.5;27.8;20.15
2021-07-21;31;Haute-Garonne;19.86;32.18;26.02
2021-07-21;57;Moselle;13.6;26.5;20.05
2021-07-21;10;Aube;12.9;28.9;20.9
2021-07-21;59;Nord;16.9;26.3;21.6
2021-07-21;37;Indre-et-Loire;16.6;30.1;23.35
2021-07-21;68;Haut-Rhin;12.9;26.95;19.92
2021-07-21;78;Yvelines;15.77;28.1;21.93
2021-07-21;01;Ain;12.5;27.6;20.05
2021-07-21;27;Eure;15.4;29.0;22.2
2021-07-21;55;Meuse;12.27;27.0;19.63
2021-07-21;50;Manche;17.91;23.93;20.92
2021-07-21;77;Seine-et-Marne;15.0;28.9;21.95
